lancs.mobilemedia.core.ui.controller.AlbumController.java	38	NewCompound1
lancs.mobilemedia.core.ui.controller.AlbumController.java	39	NewCompound1
lancs.mobilemedia.core.ui.controller.AlbumController.java	40	NewCompound1
lancs.mobilemedia.core.ui.controller.AlbumController.java	89	NewCompound1
lancs.mobilemedia.core.ui.controller.AlbumController.java	90	NewCompound1
lancs.mobilemedia.core.ui.controller.AlbumController.java	91	NewCompound1
lancs.mobilemedia.core.ui.controller.AlbumController.java	93	NewCompound1
lancs.mobilemedia.core.ui.controller.AlbumController.java	94	NewCompound1
lancs.mobilemedia.core.ui.controller.AlbumController.java	95	NewCompound1
lancs.mobilemedia.core.ui.controller.AlbumController.java	96	NewCompound1
lancs.mobilemedia.core.ui.controller.AlbumController.java	97	NewCompound1
lancs.mobilemedia.core.ui.controller.AlbumController.java	98	NewCompound1
lancs.mobilemedia.core.ui.controller.AlbumController.java	99	NewCompound1
lancs.mobilemedia.core.ui.controller.AlbumController.java	100	NewCompound1
lancs.mobilemedia.core.ui.controller.AlbumController.java	101	NewCompound1
lancs.mobilemedia.core.ui.controller.AlbumController.java	102	NewCompound1
lancs.mobilemedia.core.ui.controller.AlbumController.java	103	NewCompound1
lancs.mobilemedia.core.ui.controller.AlbumController.java	105	NewCompound1
lancs.mobilemedia.core.ui.controller.AlbumController.java	108	x_notMisc
lancs.mobilemedia.core.ui.controller.AlbumController.java	109	x_notMisc
lancs.mobilemedia.core.ui.controller.AlbumController.java	110	x_notMisc
lancs.mobilemedia.core.ui.controller.AlbumController.java	111	x_notMisc
lancs.mobilemedia.core.ui.controller.AlbumController.java	112	x_notMisc
lancs.mobilemedia.core.ui.controller.AlbumController.java	114	x_notMisc
lancs.mobilemedia.core.ui.controller.AlbumController.java	138	NewCompound1
lancs.mobilemedia.core.ui.controller.AlbumController.java	139	NewCompound1
lancs.mobilemedia.core.ui.controller.AlbumController.java	141	NewCompound1
lancs.mobilemedia.core.ui.controller.AlbumController.java	142	NewCompound1
lancs.mobilemedia.core.ui.controller.AlbumController.java	144	NewCompound1
lancs.mobilemedia.core.ui.controller.AlbumController.java	145	NewCompound1
lancs.mobilemedia.core.ui.controller.AlbumController.java	146	NewCompound1
lancs.mobilemedia.core.ui.controller.AlbumController.java	147	NewCompound1
lancs.mobilemedia.core.ui.controller.AlbumController.java	149	NewCompound1
lancs.mobilemedia.core.ui.controller.AlbumController.java	150	NewCompound1
lancs.mobilemedia.core.ui.controller.AlbumController.java	151	NewCompound1
lancs.mobilemedia.core.ui.controller.AlbumController.java	152	NewCompound1
lancs.mobilemedia.core.ui.controller.AlbumController.java	153	NewCompound1
lancs.mobilemedia.core.ui.controller.AlbumController.java	154	NewCompound1
lancs.mobilemedia.core.ui.controller.AlbumController.java	155	NewCompound1
lancs.mobilemedia.core.ui.controller.AlbumController.java	178	NewCompound1
lancs.mobilemedia.core.ui.controller.AlbumController.java	179	NewCompound1
lancs.mobilemedia.core.ui.controller.AlbumController.java	180	NewCompound1
lancs.mobilemedia.core.ui.controller.AlbumController.java	181	NewCompound1
lancs.mobilemedia.core.ui.controller.AlbumController.java	182	NewCompound1
lancs.mobilemedia.core.ui.controller.AlbumController.java	183	NewCompound1
lancs.mobilemedia.core.ui.controller.AlbumController.java	184	NewCompound1
lancs.mobilemedia.core.ui.controller.AlbumController.java	185	NewCompound1
lancs.mobilemedia.core.ui.controller.AlbumController.java	186	NewCompound1
lancs.mobilemedia.core.ui.controller.AlbumController.java	187	NewCompound1
lancs.mobilemedia.core.ui.controller.AlbumController.java	188	NewCompound1
lancs.mobilemedia.core.ui.controller.AlbumController.java	189	NewCompound1
lancs.mobilemedia.core.ui.controller.AlbumController.java	190	NewCompound1
lancs.mobilemedia.core.ui.controller.AlbumController.java	191	NewCompound1
lancs.mobilemedia.core.ui.controller.AlbumController.java	192	NewCompound1
lancs.mobilemedia.core.ui.controller.AlbumController.java	193	NewCompound1
lancs.mobilemedia.core.ui.controller.AlbumController.java	194	NewCompound1
lancs.mobilemedia.core.ui.controller.AlbumController.java	195	NewCompound1
lancs.mobilemedia.core.ui.controller.AlbumController.java	196	NewCompound1
lancs.mobilemedia.core.ui.controller.AlbumController.java	197	NewCompound1
lancs.mobilemedia.core.ui.controller.AlbumController.java	198	NewCompound1
lancs.mobilemedia.core.ui.controller.AlbumController.java	199	NewCompound1
lancs.mobilemedia.core.ui.controller.AlbumController.java	200	NewCompound1
lancs.mobilemedia.core.ui.controller.AlbumController.java	202	NewCompound1
lancs.mobilemedia.core.ui.controller.AlbumController.java	203	NewCompound1
lancs.mobilemedia.core.ui.controller.AlbumController.java	204	NewCompound1
lancs.mobilemedia.core.ui.controller.AlbumController.java	205	NewCompound1
lancs.mobilemedia.core.ui.controller.AlbumController.java	206	NewCompound1
lancs.mobilemedia.core.ui.controller.AlbumController.java	207	NewCompound1
lancs.mobilemedia.core.ui.controller.AlbumController.java	208	NewCompound1
lancs.mobilemedia.core.ui.controller.AlbumController.java	211	NewCompound1
lancs.mobilemedia.core.ui.controller.AlbumController.java	212	NewCompound1
lancs.mobilemedia.core.ui.controller.AlbumController.java	214	NewCompound1
lancs.mobilemedia.core.ui.controller.AlbumController.java	215	NewCompound1
lancs.mobilemedia.core.ui.controller.AlbumController.java	216	NewCompound1
lancs.mobilemedia.core.ui.controller.AlbumController.java	217	NewCompound1
lancs.mobilemedia.core.ui.controller.AlbumController.java	218	NewCompound1
lancs.mobilemedia.core.ui.controller.AlbumController.java	219	NewCompound1
lancs.mobilemedia.core.ui.controller.AlbumController.java	220	NewCompound1
lancs.mobilemedia.core.ui.controller.AlbumController.java	221	NewCompound1
lancs.mobilemedia.core.ui.controller.AlbumController.java	222	NewCompound1
lancs.mobilemedia.core.ui.controller.AlbumController.java	223	NewCompound1
lancs.mobilemedia.core.ui.controller.AlbumController.java	224	NewCompound1
lancs.mobilemedia.core.ui.controller.AlbumController.java	226	NewCompound1
lancs.mobilemedia.core.ui.controller.AlbumController.java	227	NewCompound1
lancs.mobilemedia.core.ui.controller.AlbumController.java	228	NewCompound1
lancs.mobilemedia.core.ui.controller.AlbumController.java	229	NewCompound1
lancs.mobilemedia.core.ui.controller.AlbumController.java	233	NewCompound1
lancs.mobilemedia.core.ui.controller.AlbumController.java	234	NewCompound1
lancs.mobilemedia.core.ui.controller.AlbumController.java	235	NewCompound1
lancs.mobilemedia.core.ui.controller.AlbumController.java	236	NewCompound1
lancs.mobilemedia.core.ui.controller.AlbumController.java	237	NewCompound1
lancs.mobilemedia.core.ui.controller.AlbumController.java	238	NewCompound1
lancs.mobilemedia.core.ui.controller.AlbumController.java	239	NewCompound1
lancs.mobilemedia.core.ui.controller.AlbumController.java	240	NewCompound1
lancs.mobilemedia.core.ui.controller.AlbumController.java	241	NewCompound1
lancs.mobilemedia.core.ui.controller.AlbumController.java	242	NewCompound1
lancs.mobilemedia.core.ui.controller.AlbumController.java	243	NewCompound1
lancs.mobilemedia.core.ui.controller.AlbumController.java	244	NewCompound1
lancs.mobilemedia.core.ui.controller.MediaListController.java	66	NewCompound1
lancs.mobilemedia.core.ui.controller.MediaListController.java	77	NewCompound1
lancs.mobilemedia.core.ui.controller.MediaListController.java	78	NewCompound1
lancs.mobilemedia.core.ui.controller.MediaListController.java	79	NewCompound1
lancs.mobilemedia.core.ui.controller.MediaListController.java	80	NewCompound1
lancs.mobilemedia.core.ui.controller.MediaListController.java	81	NewCompound1
lancs.mobilemedia.core.ui.controller.MediaListController.java	82	NewCompound1
lancs.mobilemedia.core.ui.controller.MediaListController.java	83	NewCompound1
lancs.mobilemedia.core.ui.controller.MediaListController.java	84	NewCompound1
lancs.mobilemedia.core.ui.controller.MediaListController.java	85	NewCompound1
lancs.mobilemedia.core.ui.controller.MediaListController.java	86	NewCompound1
lancs.mobilemedia.core.ui.controller.MediaListController.java	87	NewCompound1
lancs.mobilemedia.core.ui.controller.MediaListController.java	90	x_notMisc
lancs.mobilemedia.core.ui.controller.MediaListController.java	91	x_notMisc
lancs.mobilemedia.core.ui.controller.MediaListController.java	99	NewCompound1
lancs.mobilemedia.core.ui.controller.MediaListController.java	100	NewCompound1
lancs.mobilemedia.core.ui.controller.MediaListController.java	101	NewCompound1
lancs.mobilemedia.core.ui.controller.MediaListController.java	102	NewCompound1
lancs.mobilemedia.core.ui.controller.MediaListController.java	103	NewCompound1
lancs.mobilemedia.core.ui.controller.MediaListController.java	104	NewCompound1
lancs.mobilemedia.core.ui.controller.MediaListController.java	105	NewCompound1
lancs.mobilemedia.core.ui.controller.MediaListController.java	106	NewCompound1
lancs.mobilemedia.core.ui.controller.MediaListController.java	107	NewCompound1
lancs.mobilemedia.core.ui.controller.MediaListController.java	109	NewCompound1
lancs.mobilemedia.core.ui.controller.MediaListController.java	133	includeMMAPI
lancs.mobilemedia.core.ui.controller.MediaListController.java	134	includeMMAPI
lancs.mobilemedia.core.ui.controller.MediaListController.java	139	x_NotPrivacy
lancs.mobilemedia.core.ui.controller.MediaListController.java	140	x_NotPrivacy
lancs.mobilemedia.core.ui.controller.MediaListController.java	145	x_MusicOrVideo
lancs.mobilemedia.core.ui.controller.MediaListController.java	146	x_MusicOrVideo
lancs.mobilemedia.core.ui.controller.MediaListController.java	167	Media
lancs.mobilemedia.core.ui.controller.MediaListController.java	168	Media
lancs.mobilemedia.core.ui.controller.MediaListController.java	201	Media
lancs.mobilemedia.core.ui.controller.MediaListController.java	206	Media
lancs.mobilemedia.core.ui.controller.MediaListController.java	207	Media
lancs.mobilemedia.core.ui.controller.MediaListController.java	208	Media
lancs.mobilemedia.core.ui.controller.MediaListController.java	209	Media
lancs.mobilemedia.core.ui.controller.MediaListController.java	212	Media
lancs.mobilemedia.core.ui.controller.MediaListController.java	217	Media
lancs.mobilemedia.core.ui.controller.MediaListController.java	218	Media
lancs.mobilemedia.core.ui.controller.MediaListController.java	219	Media
lancs.mobilemedia.core.ui.controller.MediaListController.java	220	Media
lancs.mobilemedia.core.ui.controller.MediaListController.java	221	Media
lancs.mobilemedia.core.ui.controller.MediaListController.java	222	Media
lancs.mobilemedia.core.ui.controller.MediaListController.java	226	Media
lancs.mobilemedia.core.ui.MainUIMidlet.java	61	includeMMAPI
lancs.mobilemedia.core.ui.MainUIMidlet.java	62	includeMMAPI
lancs.mobilemedia.core.ui.MainUIMidlet.java	67	x_NotPrivacy
lancs.mobilemedia.core.ui.MainUIMidlet.java	68	x_NotPrivacy
lancs.mobilemedia.core.ui.MainUIMidlet.java	73	x_MusicOrVideo
lancs.mobilemedia.core.ui.MainUIMidlet.java	74	x_MusicOrVideo
lancs.mobilemedia.core.ui.MainUIMidlet.java	91	includeMMAPI
lancs.mobilemedia.core.ui.MainUIMidlet.java	93	includeMMAPI
lancs.mobilemedia.core.ui.MainUIMidlet.java	94	includeMMAPI
lancs.mobilemedia.core.ui.MainUIMidlet.java	99	includeMMAPI
lancs.mobilemedia.core.ui.MainUIMidlet.java	100	includeMMAPI
lancs.mobilemedia.core.ui.MainUIMidlet.java	102	includeMMAPI
lancs.mobilemedia.core.ui.MainUIMidlet.java	103	includeMMAPI
lancs.mobilemedia.core.ui.MainUIMidlet.java	104	includeMMAPI
lancs.mobilemedia.core.ui.MainUIMidlet.java	109	x_NotPrivacy
lancs.mobilemedia.core.ui.MainUIMidlet.java	111	x_NotPrivacy
lancs.mobilemedia.core.ui.MainUIMidlet.java	112	x_NotPrivacy
lancs.mobilemedia.core.ui.MainUIMidlet.java	114	x_NotPrivacy
lancs.mobilemedia.core.ui.MainUIMidlet.java	115	x_NotPrivacy
lancs.mobilemedia.core.ui.MainUIMidlet.java	117	x_NotPrivacy
lancs.mobilemedia.core.ui.MainUIMidlet.java	118	x_NotPrivacy
lancs.mobilemedia.core.ui.MainUIMidlet.java	119	x_NotPrivacy
lancs.mobilemedia.core.ui.MainUIMidlet.java	125	x_MusicOrVideo
lancs.mobilemedia.core.ui.MainUIMidlet.java	127	x_MusicOrVideo
lancs.mobilemedia.core.ui.MainUIMidlet.java	128	x_MusicOrVideo
lancs.mobilemedia.core.ui.MainUIMidlet.java	130	x_MusicOrVideo
lancs.mobilemedia.core.ui.MainUIMidlet.java	131	x_MusicOrVideo
lancs.mobilemedia.core.ui.MainUIMidlet.java	133	x_MusicOrVideo
lancs.mobilemedia.core.ui.MainUIMidlet.java	134	x_MusicOrVideo
lancs.mobilemedia.core.ui.MainUIMidlet.java	135	x_MusicOrVideo
lancs.mobilemedia.core.ui.MainUIMidlet.java	140	x_SMSOrCapturePhotoOrCaptureVideo
lancs.mobilemedia.core.ui.MainUIMidlet.java	141	x_SMSOrCapturePhotoOrCaptureVideo
lancs.mobilemedia.core.ui.MainUIMidlet.java	142	x_SMSOrCapturePhotoOrCaptureVideo
lancs.mobilemedia.core.ui.MainUIMidlet.java	143	x_SMSOrCapturePhotoOrCaptureVideo
lancs.mobilemedia.core.ui.MainUIMidlet.java	144	x_SMSOrCapturePhotoOrCaptureVideo
lancs.mobilemedia.core.ui.MainUIMidlet.java	154	includeMMAPI
lancs.mobilemedia.core.ui.MainUIMidlet.java	155	includeMMAPI
lancs.mobilemedia.core.ui.MainUIMidlet.java	160	x_NotPrivacy
lancs.mobilemedia.core.ui.MainUIMidlet.java	161	x_NotPrivacy
lancs.mobilemedia.core.ui.MainUIMidlet.java	166	x_MusicOrVideo
lancs.mobilemedia.core.ui.MainUIMidlet.java	167	x_MusicOrVideo
lancs.mobilemedia.core.ui.MainUIMidlet.java	176	x_NotPrivacy
lancs.mobilemedia.core.ui.MainUIMidlet.java	177	x_NotPrivacy
lancs.mobilemedia.core.ui.MainUIMidlet.java	182	x_MusicOrVideo
lancs.mobilemedia.core.ui.MainUIMidlet.java	183	x_MusicOrVideo
lancs.mobilemedia.core.ui.MainUIMidlet.java	188	MobilMedia
lancs.mobilemedia.core.ui.MainUIMidlet.java	189	MobilMedia
lancs.mobilemedia.core.ui.MainUIMidlet.java	190	MobilMedia
lancs.mobilemedia.core.ui.MainUIMidlet.java	191	MobilMedia
lancs.mobilemedia.core.ui.MainUIMidlet.java	192	MobilMedia
lancs.mobilemedia.core.ui.MainUIMidlet.java	193	MobilMedia
lancs.mobilemedia.core.ui.MainUIMidlet.java	195	includeMMAPI
lancs.mobilemedia.core.ui.MainUIMidlet.java	197	x_NotPrivacy
lancs.mobilemedia.core.ui.MainUIMidlet.java	199	x_MusicOrVideo
lancs.mobilemedia.core.ui.controller.MusicPlayController.java	24	x_NotPrivacy
lancs.mobilemedia.core.ui.controller.MusicPlayController.java	27	x_NotPrivacy /\ captureVideo
lancs.mobilemedia.core.ui.controller.MusicPlayController.java	30	x_NotPrivacy
lancs.mobilemedia.core.ui.controller.MusicPlayController.java	32	x_NotPrivacy
lancs.mobilemedia.core.ui.controller.MusicPlayController.java	33	x_NotPrivacy
lancs.mobilemedia.core.ui.controller.MusicPlayController.java	34	x_NotPrivacy
lancs.mobilemedia.core.ui.controller.MusicPlayController.java	35	x_NotPrivacy
lancs.mobilemedia.core.ui.controller.MusicPlayController.java	38	x_NotPrivacy
lancs.mobilemedia.core.ui.controller.MusicPlayController.java	39	x_NotPrivacy
lancs.mobilemedia.core.ui.controller.MusicPlayController.java	40	x_NotPrivacy
lancs.mobilemedia.core.ui.controller.MusicPlayController.java	43	x_NotPrivacy
lancs.mobilemedia.core.ui.controller.MusicPlayController.java	44	x_NotPrivacy
lancs.mobilemedia.core.ui.controller.MusicPlayController.java	45	x_NotPrivacy
lancs.mobilemedia.core.ui.controller.MusicPlayController.java	46	x_NotPrivacy
lancs.mobilemedia.core.ui.controller.MusicPlayController.java	47	x_NotPrivacy
lancs.mobilemedia.core.ui.controller.MusicPlayController.java	48	x_NotPrivacy
lancs.mobilemedia.core.ui.controller.MusicPlayController.java	49	x_NotPrivacy
lancs.mobilemedia.core.ui.controller.MusicPlayController.java	50	x_NotPrivacy
lancs.mobilemedia.core.ui.controller.MusicPlayController.java	52	x_NotPrivacy
lancs.mobilemedia.core.ui.controller.MusicPlayController.java	53	x_NotPrivacy
lancs.mobilemedia.core.ui.controller.MusicPlayController.java	54	x_NotPrivacy
lancs.mobilemedia.core.ui.controller.MusicPlayController.java	55	x_NotPrivacy
lancs.mobilemedia.core.ui.controller.MusicPlayController.java	60	x_NotPrivacy /\ captureVideo
lancs.mobilemedia.core.ui.controller.MusicPlayController.java	61	x_NotPrivacy /\ captureVideo
lancs.mobilemedia.core.ui.controller.MusicPlayController.java	62	x_NotPrivacy /\ captureVideo
lancs.mobilemedia.core.ui.controller.MusicPlayController.java	63	x_NotPrivacy /\ captureVideo
lancs.mobilemedia.core.ui.controller.MusicPlayController.java	64	x_NotPrivacy /\ captureVideo
lancs.mobilemedia.core.ui.controller.MusicPlayController.java	65	x_NotPrivacy /\ captureVideo
lancs.mobilemedia.core.ui.controller.MusicPlayController.java	67	x_NotPrivacy /\ captureVideo
lancs.mobilemedia.core.ui.controller.MusicPlayController.java	68	x_NotPrivacy /\ captureVideo
lancs.mobilemedia.core.ui.controller.MusicPlayController.java	69	x_NotPrivacy /\ captureVideo
lancs.mobilemedia.core.ui.controller.MusicPlayController.java	70	x_NotPrivacy /\ captureVideo
lancs.mobilemedia.core.ui.controller.MusicPlayController.java	71	x_NotPrivacy /\ captureVideo
lancs.mobilemedia.core.ui.controller.MusicPlayController.java	72	x_NotPrivacy /\ captureVideo
lancs.mobilemedia.core.ui.controller.MusicPlayController.java	73	x_NotPrivacy /\ captureVideo
lancs.mobilemedia.core.ui.controller.MusicPlayController.java	74	x_NotPrivacy /\ captureVideo
lancs.mobilemedia.core.ui.controller.MusicPlayController.java	75	x_NotPrivacy /\ captureVideo
lancs.mobilemedia.core.ui.controller.MusicPlayController.java	77	x_NotPrivacy /\ captureVideo
lancs.mobilemedia.core.ui.controller.MusicPlayController.java	78	x_NotPrivacy /\ captureVideo
lancs.mobilemedia.core.ui.controller.MusicPlayController.java	81	x_NotPrivacy /\ captureVideo
lancs.mobilemedia.core.ui.controller.MusicPlayController.java	82	x_NotPrivacy /\ captureVideo
lancs.mobilemedia.core.ui.controller.MusicPlayController.java	83	x_NotPrivacy /\ captureVideo
lancs.mobilemedia.core.ui.controller.MusicPlayController.java	84	x_NotPrivacy /\ captureVideo
lancs.mobilemedia.core.ui.controller.MusicPlayController.java	86	x_NotPrivacy /\ captureVideo
lancs.mobilemedia.core.ui.controller.MusicPlayController.java	87	x_NotPrivacy /\ captureVideo
lancs.mobilemedia.core.ui.controller.MusicPlayController.java	88	x_NotPrivacy /\ captureVideo
lancs.mobilemedia.core.ui.controller.MusicPlayController.java	90	x_NotPrivacy /\ captureVideo
lancs.mobilemedia.core.ui.controller.MusicPlayController.java	91	x_NotPrivacy /\ captureVideo
lancs.mobilemedia.core.ui.controller.MusicPlayController.java	92	x_NotPrivacy /\ captureVideo
lancs.mobilemedia.core.ui.controller.MusicPlayController.java	93	x_NotPrivacy /\ captureVideo
lancs.mobilemedia.core.ui.controller.MusicPlayController.java	95	x_NotPrivacy /\ captureVideo
lancs.mobilemedia.core.ui.controller.MusicPlayController.java	96	x_NotPrivacy /\ captureVideo
lancs.mobilemedia.core.ui.controller.MusicPlayController.java	99	x_NotPrivacy /\ captureVideo
lancs.mobilemedia.core.ui.controller.MusicPlayController.java	100	x_NotPrivacy /\ captureVideo
lancs.mobilemedia.core.ui.controller.MusicPlayController.java	101	x_NotPrivacy /\ captureVideo
lancs.mobilemedia.core.ui.controller.MusicPlayController.java	102	x_NotPrivacy /\ captureVideo
lancs.mobilemedia.core.ui.controller.MusicPlayController.java	106	x_NotPrivacy
lancs.mobilemedia.core.ui.controller.MusicPlayController.java	111	x_NotPrivacy /\ captureVideo
lancs.mobilemedia.core.ui.controller.MusicPlayController.java	112	x_NotPrivacy /\ captureVideo
lancs.mobilemedia.core.ui.controller.MusicPlayController.java	115	x_NotPrivacy /\ captureVideo
lancs.mobilemedia.core.ui.controller.MusicPlayController.java	116	x_NotPrivacy /\ captureVideo
lancs.mobilemedia.core.ui.controller.MediaController.java	102	includeMMAPI
lancs.mobilemedia.core.ui.controller.MediaController.java	103	includeMMAPI
lancs.mobilemedia.core.ui.controller.MediaController.java	104	includeMMAPI
lancs.mobilemedia.core.ui.controller.MediaController.java	107	includeMMAPI /\ Media
lancs.mobilemedia.core.ui.controller.MediaController.java	109	includeMMAPI
lancs.mobilemedia.core.ui.controller.MediaController.java	110	includeMMAPI
lancs.mobilemedia.core.ui.controller.MediaController.java	116	x_NotPrivacy
lancs.mobilemedia.core.ui.controller.MediaController.java	117	x_NotPrivacy
lancs.mobilemedia.core.ui.controller.MediaController.java	118	x_NotPrivacy
lancs.mobilemedia.core.ui.controller.MediaController.java	125	x_MusicOrVideo
lancs.mobilemedia.core.ui.controller.MediaController.java	126	x_MusicOrVideo
lancs.mobilemedia.core.ui.controller.MediaController.java	127	x_MusicOrVideo
lancs.mobilemedia.core.ui.controller.MediaController.java	134	includeCopyPhoto
lancs.mobilemedia.core.ui.controller.MediaController.java	136	includeCopyPhoto
lancs.mobilemedia.core.ui.controller.MediaController.java	137	includeCopyPhoto
lancs.mobilemedia.core.ui.controller.MediaController.java	138	includeCopyPhoto
lancs.mobilemedia.core.ui.controller.MediaController.java	139	includeCopyPhoto
lancs.mobilemedia.core.ui.controller.MediaController.java	140	includeCopyPhoto
lancs.mobilemedia.core.ui.controller.MediaController.java	141	includeCopyPhoto
lancs.mobilemedia.core.ui.controller.MediaController.java	147	x_misc
lancs.mobilemedia.core.ui.controller.MediaController.java	149	x_misc
lancs.mobilemedia.core.ui.controller.MediaController.java	150	x_misc
lancs.mobilemedia.core.ui.controller.MediaController.java	151	x_misc
lancs.mobilemedia.core.ui.controller.MediaController.java	152	x_misc
lancs.mobilemedia.core.ui.controller.MediaController.java	153	x_misc
lancs.mobilemedia.core.ui.controller.MediaController.java	154	x_misc
lancs.mobilemedia.core.ui.controller.MediaController.java	155	x_misc
lancs.mobilemedia.core.ui.controller.MediaController.java	165	x_NotPrivacy
lancs.mobilemedia.core.ui.controller.MediaController.java	166	x_NotPrivacy
lancs.mobilemedia.core.ui.controller.MediaController.java	167	x_NotPrivacy
lancs.mobilemedia.core.ui.controller.MediaController.java	168	x_NotPrivacy
lancs.mobilemedia.core.ui.controller.MediaController.java	169	x_NotPrivacy
lancs.mobilemedia.core.ui.controller.MediaController.java	194	x_NotPrivacy
lancs.mobilemedia.core.ui.controller.MediaController.java	195	x_NotPrivacy
lancs.mobilemedia.core.ui.controller.MediaController.java	196	x_NotPrivacy
lancs.mobilemedia.core.ui.controller.MediaController.java	197	x_NotPrivacy
lancs.mobilemedia.core.ui.controller.MediaController.java	248	Media
lancs.mobilemedia.core.ui.controller.MediaController.java	249	Media
lancs.mobilemedia.core.ui.controller.MediaController.java	250	Media
lancs.mobilemedia.core.ui.controller.MediaController.java	252	Media
lancs.mobilemedia.core.ui.controller.MediaController.java	332	x_NotPrivacy
lancs.mobilemedia.core.ui.controller.MediaController.java	333	x_NotPrivacy
lancs.mobilemedia.core.ui.controller.MediaController.java	334	x_NotPrivacy
lancs.mobilemedia.core.ui.controller.MediaController.java	335	x_NotPrivacy
lancs.mobilemedia.core.ui.controller.MediaController.java	338	x_NotPrivacy /\ Media
lancs.mobilemedia.core.ui.controller.MediaController.java	341	x_NotPrivacy
lancs.mobilemedia.core.ui.controller.MediaController.java	342	x_NotPrivacy
lancs.mobilemedia.core.ui.controller.MediaController.java	343	x_NotPrivacy
lancs.mobilemedia.core.ui.controller.MediaController.java	344	x_NotPrivacy
lancs.mobilemedia.core.ui.controller.MediaController.java	347	x_NotPrivacy /\ captureVideo
lancs.mobilemedia.core.ui.controller.MediaController.java	350	x_NotPrivacy
lancs.mobilemedia.core.ui.controller.MediaController.java	352	x_NotPrivacy
lancs.mobilemedia.core.ui.controller.MediaController.java	353	x_NotPrivacy
lancs.mobilemedia.core.ui.controller.MediaController.java	354	x_NotPrivacy
lancs.mobilemedia.core.ui.controller.MediaController.java	355	x_NotPrivacy
lancs.mobilemedia.core.ui.controller.MediaController.java	356	x_NotPrivacy
lancs.mobilemedia.core.ui.controller.MediaController.java	358	x_NotPrivacy
lancs.mobilemedia.core.ui.controller.MediaController.java	359	x_NotPrivacy
lancs.mobilemedia.core.ui.controller.MediaController.java	360	x_NotPrivacy
lancs.mobilemedia.core.ui.controller.MediaController.java	361	x_NotPrivacy
lancs.mobilemedia.core.ui.controller.MediaController.java	370	x_MusicOrVideo
lancs.mobilemedia.core.ui.controller.MediaController.java	371	x_MusicOrVideo
lancs.mobilemedia.core.ui.controller.MediaController.java	372	x_MusicOrVideo
lancs.mobilemedia.core.ui.controller.MediaController.java	373	x_MusicOrVideo
lancs.mobilemedia.core.ui.controller.MediaController.java	377	x_MusicOrVideo /\ Media
lancs.mobilemedia.core.ui.controller.MediaController.java	380	x_MusicOrVideo
lancs.mobilemedia.core.ui.controller.MediaController.java	381	x_MusicOrVideo
lancs.mobilemedia.core.ui.controller.MediaController.java	382	x_MusicOrVideo
lancs.mobilemedia.core.ui.controller.MediaController.java	383	x_MusicOrVideo
lancs.mobilemedia.core.ui.controller.MediaController.java	384	x_MusicOrVideo
lancs.mobilemedia.core.ui.controller.MediaController.java	387	x_MusicOrVideo /\ captureVideo
lancs.mobilemedia.core.ui.controller.MediaController.java	390	x_MusicOrVideo
lancs.mobilemedia.core.ui.controller.MediaController.java	392	x_MusicOrVideo
lancs.mobilemedia.core.ui.controller.MediaController.java	393	x_MusicOrVideo
lancs.mobilemedia.core.ui.controller.MediaController.java	394	x_MusicOrVideo
lancs.mobilemedia.core.ui.controller.MediaController.java	395	x_MusicOrVideo
lancs.mobilemedia.core.ui.controller.MediaController.java	396	x_MusicOrVideo
lancs.mobilemedia.core.ui.controller.MediaController.java	398	x_MusicOrVideo
lancs.mobilemedia.core.ui.controller.MediaController.java	399	x_MusicOrVideo
lancs.mobilemedia.core.ui.controller.MediaController.java	400	x_MusicOrVideo
lancs.mobilemedia.core.ui.controller.MediaController.java	401	x_MusicOrVideo
lancs.mobilemedia.core.ui.controller.MediaController.java	409	Media
lancs.mobilemedia.core.ui.controller.MediaController.java	410	Media
lancs.mobilemedia.core.ui.controller.MediaController.java	411	Media
lancs.mobilemedia.core.ui.controller.MediaController.java	412	Media
lancs.mobilemedia.core.ui.controller.MediaController.java	413	Media
lancs.mobilemedia.core.ui.controller.MediaController.java	414	Media
lancs.mobilemedia.core.ui.controller.MediaController.java	415	Media
lancs.mobilemedia.core.ui.controller.MediaController.java	416	Media
lancs.mobilemedia.core.ui.controller.MediaController.java	417	Media
lancs.mobilemedia.core.ui.controller.MediaController.java	418	Media
lancs.mobilemedia.core.ui.controller.MediaController.java	419	Media
lancs.mobilemedia.core.ui.controller.MediaController.java	420	Media
lancs.mobilemedia.core.ui.controller.MediaController.java	421	Media
lancs.mobilemedia.core.ui.controller.MediaController.java	422	Media
lancs.mobilemedia.core.ui.controller.MediaController.java	423	Media
lancs.mobilemedia.core.ui.controller.MediaController.java	446	includeMMAPI
lancs.mobilemedia.core.ui.controller.MediaController.java	451	includeMMAPI
lancs.mobilemedia.core.ui.controller.MediaController.java	453	includeMMAPI
lancs.mobilemedia.core.ui.controller.MediaController.java	454	includeMMAPI
lancs.mobilemedia.core.ui.controller.MediaController.java	455	includeMMAPI
lancs.mobilemedia.core.ui.controller.MediaController.java	456	includeMMAPI
lancs.mobilemedia.core.ui.controller.MediaController.java	457	includeMMAPI
lancs.mobilemedia.core.ui.controller.MediaController.java	458	includeMMAPI
lancs.mobilemedia.core.ui.controller.MediaController.java	459	includeMMAPI
lancs.mobilemedia.core.ui.controller.MediaController.java	460	includeMMAPI
lancs.mobilemedia.core.ui.controller.MediaController.java	461	includeMMAPI
lancs.mobilemedia.core.ui.controller.MediaController.java	462	includeMMAPI
lancs.mobilemedia.core.ui.controller.MediaController.java	463	includeMMAPI
lancs.mobilemedia.core.ui.controller.MediaController.java	467	includeMMAPI
lancs.mobilemedia.core.ui.controller.MediaController.java	468	includeMMAPI
lancs.mobilemedia.core.ui.controller.MediaController.java	469	includeMMAPI
lancs.mobilemedia.core.ui.controller.MediaController.java	472	includeMMAPI /\ includePhotoAlbum
lancs.mobilemedia.core.ui.controller.MediaController.java	473	includeMMAPI /\ includePhotoAlbum
lancs.mobilemedia.core.ui.controller.MediaController.java	474	includeMMAPI /\ includePhotoAlbum
lancs.mobilemedia.core.ui.controller.MediaController.java	475	includeMMAPI /\ includePhotoAlbum
lancs.mobilemedia.core.ui.controller.MediaController.java	481	includeMMAPI /\ x_SMSOrCapturePhotoOrCaptureVideo
lancs.mobilemedia.core.ui.controller.MediaController.java	483	includeMMAPI /\ x_SMSOrCapturePhotoOrCaptureVideo
lancs.mobilemedia.core.ui.controller.MediaController.java	484	includeMMAPI /\ x_SMSOrCapturePhotoOrCaptureVideo
lancs.mobilemedia.core.ui.controller.MediaController.java	485	includeMMAPI /\ x_SMSOrCapturePhotoOrCaptureVideo
lancs.mobilemedia.core.ui.controller.MediaController.java	488	includeMMAPI
lancs.mobilemedia.core.ui.controller.ScreenSingleton.java	34	MobilMedia
lancs.mobilemedia.core.ui.controller.ScreenSingleton.java	36	MobilMedia
lancs.mobilemedia.core.ui.controller.ScreenSingleton.java	37	MobilMedia
lancs.mobilemedia.core.ui.controller.ScreenSingleton.java	40	MobilMedia
lancs.mobilemedia.core.ui.controller.ScreenSingleton.java	41	MobilMedia
lancs.mobilemedia.core.ui.controller.BaseController.java	107	includeMMAPI /\ x_NotPrivacy
lancs.mobilemedia.core.ui.controller.BaseController.java	108	includeMMAPI /\ x_NotPrivacy
lancs.mobilemedia.core.ui.controller.BaseController.java	109	includeMMAPI /\ x_NotPrivacy
lancs.mobilemedia.core.ui.controller.BaseController.java	110	includeMMAPI /\ x_NotPrivacy
lancs.mobilemedia.core.ui.controller.VideoCaptureController.java	17	includeCopyPhoto
lancs.mobilemedia.core.ui.controller.VideoCaptureController.java	19	includeCopyPhoto
lancs.mobilemedia.core.ui.controller.VideoCaptureController.java	20	includeCopyPhoto
lancs.mobilemedia.core.ui.controller.VideoCaptureController.java	21	includeCopyPhoto
lancs.mobilemedia.core.ui.controller.VideoCaptureController.java	22	includeCopyPhoto
lancs.mobilemedia.core.ui.controller.VideoCaptureController.java	23	includeCopyPhoto
lancs.mobilemedia.core.ui.controller.VideoCaptureController.java	24	includeCopyPhoto
lancs.mobilemedia.core.ui.controller.VideoCaptureController.java	27	includeCopyPhoto
lancs.mobilemedia.core.ui.controller.VideoCaptureController.java	28	includeCopyPhoto
lancs.mobilemedia.core.ui.controller.VideoCaptureController.java	29	includeCopyPhoto
lancs.mobilemedia.core.ui.controller.VideoCaptureController.java	31	includeCopyPhoto
lancs.mobilemedia.core.ui.controller.VideoCaptureController.java	32	includeCopyPhoto
lancs.mobilemedia.core.ui.controller.VideoCaptureController.java	33	includeCopyPhoto
lancs.mobilemedia.core.ui.controller.VideoCaptureController.java	34	includeCopyPhoto
lancs.mobilemedia.core.ui.controller.VideoCaptureController.java	35	includeCopyPhoto
lancs.mobilemedia.core.ui.controller.VideoCaptureController.java	36	includeCopyPhoto
lancs.mobilemedia.core.ui.controller.VideoCaptureController.java	37	includeCopyPhoto
lancs.mobilemedia.core.ui.controller.VideoCaptureController.java	38	includeCopyPhoto
lancs.mobilemedia.core.ui.controller.VideoCaptureController.java	39	includeCopyPhoto
lancs.mobilemedia.core.ui.controller.VideoCaptureController.java	40	includeCopyPhoto
lancs.mobilemedia.core.ui.controller.VideoCaptureController.java	41	includeCopyPhoto
lancs.mobilemedia.core.ui.controller.VideoCaptureController.java	42	includeCopyPhoto
lancs.mobilemedia.core.ui.controller.VideoCaptureController.java	44	includeCopyPhoto
lancs.mobilemedia.core.ui.controller.VideoCaptureController.java	45	includeCopyPhoto
lancs.mobilemedia.core.ui.controller.VideoCaptureController.java	46	includeCopyPhoto
lancs.mobilemedia.core.ui.controller.VideoCaptureController.java	47	includeCopyPhoto
lancs.mobilemedia.core.ui.controller.VideoCaptureController.java	48	includeCopyPhoto
lancs.mobilemedia.core.ui.controller.VideoCaptureController.java	49	includeCopyPhoto
lancs.mobilemedia.core.ui.controller.VideoCaptureController.java	50	includeCopyPhoto
lancs.mobilemedia.core.ui.controller.VideoCaptureController.java	51	includeCopyPhoto
lancs.mobilemedia.core.ui.controller.VideoCaptureController.java	52	includeCopyPhoto
lancs.mobilemedia.core.ui.controller.VideoCaptureController.java	54	includeCopyPhoto
lancs.mobilemedia.core.ui.controller.VideoCaptureController.java	55	includeCopyPhoto
lancs.mobilemedia.core.ui.controller.VideoCaptureController.java	57	includeCopyPhoto
lancs.mobilemedia.core.ui.controller.VideoCaptureController.java	58	includeCopyPhoto
lancs.mobilemedia.core.ui.controller.VideoCaptureController.java	59	includeCopyPhoto
lancs.mobilemedia.core.ui.controller.VideoCaptureController.java	60	includeCopyPhoto
lancs.mobilemedia.core.ui.controller.VideoCaptureController.java	62	includeCopyPhoto
lancs.mobilemedia.core.ui.controller.PlayVideoController.java	23	x_MusicOrVideo
lancs.mobilemedia.core.ui.controller.PlayVideoController.java	26	x_MusicOrVideo /\ captureVideo
lancs.mobilemedia.core.ui.controller.PlayVideoController.java	29	x_MusicOrVideo
lancs.mobilemedia.core.ui.controller.PlayVideoController.java	31	x_MusicOrVideo
lancs.mobilemedia.core.ui.controller.PlayVideoController.java	32	x_MusicOrVideo
lancs.mobilemedia.core.ui.controller.PlayVideoController.java	33	x_MusicOrVideo
lancs.mobilemedia.core.ui.controller.PlayVideoController.java	34	x_MusicOrVideo
lancs.mobilemedia.core.ui.controller.PlayVideoController.java	37	x_MusicOrVideo
lancs.mobilemedia.core.ui.controller.PlayVideoController.java	38	x_MusicOrVideo
lancs.mobilemedia.core.ui.controller.PlayVideoController.java	39	x_MusicOrVideo
lancs.mobilemedia.core.ui.controller.PlayVideoController.java	42	x_MusicOrVideo
lancs.mobilemedia.core.ui.controller.PlayVideoController.java	43	x_MusicOrVideo
lancs.mobilemedia.core.ui.controller.PlayVideoController.java	44	x_MusicOrVideo
lancs.mobilemedia.core.ui.controller.PlayVideoController.java	45	x_MusicOrVideo
lancs.mobilemedia.core.ui.controller.PlayVideoController.java	46	x_MusicOrVideo
lancs.mobilemedia.core.ui.controller.PlayVideoController.java	47	x_MusicOrVideo
lancs.mobilemedia.core.ui.controller.PlayVideoController.java	48	x_MusicOrVideo
lancs.mobilemedia.core.ui.controller.PlayVideoController.java	49	x_MusicOrVideo
lancs.mobilemedia.core.ui.controller.PlayVideoController.java	51	x_MusicOrVideo
lancs.mobilemedia.core.ui.controller.PlayVideoController.java	52	x_MusicOrVideo
lancs.mobilemedia.core.ui.controller.PlayVideoController.java	53	x_MusicOrVideo
lancs.mobilemedia.core.ui.controller.PlayVideoController.java	54	x_MusicOrVideo
lancs.mobilemedia.core.ui.controller.PlayVideoController.java	59	x_MusicOrVideo /\ captureVideo
lancs.mobilemedia.core.ui.controller.PlayVideoController.java	60	x_MusicOrVideo /\ captureVideo
lancs.mobilemedia.core.ui.controller.PlayVideoController.java	61	x_MusicOrVideo /\ captureVideo
lancs.mobilemedia.core.ui.controller.PlayVideoController.java	62	x_MusicOrVideo /\ captureVideo
lancs.mobilemedia.core.ui.controller.PlayVideoController.java	63	x_MusicOrVideo /\ captureVideo
lancs.mobilemedia.core.ui.controller.PlayVideoController.java	64	x_MusicOrVideo /\ captureVideo
lancs.mobilemedia.core.ui.controller.PlayVideoController.java	66	x_MusicOrVideo /\ captureVideo
lancs.mobilemedia.core.ui.controller.PlayVideoController.java	67	x_MusicOrVideo /\ captureVideo
lancs.mobilemedia.core.ui.controller.PlayVideoController.java	68	x_MusicOrVideo /\ captureVideo
lancs.mobilemedia.core.ui.controller.PlayVideoController.java	69	x_MusicOrVideo /\ captureVideo
lancs.mobilemedia.core.ui.controller.PlayVideoController.java	70	x_MusicOrVideo /\ captureVideo
lancs.mobilemedia.core.ui.controller.PlayVideoController.java	71	x_MusicOrVideo /\ captureVideo
lancs.mobilemedia.core.ui.controller.PlayVideoController.java	72	x_MusicOrVideo /\ captureVideo
lancs.mobilemedia.core.ui.controller.PlayVideoController.java	73	x_MusicOrVideo /\ captureVideo
lancs.mobilemedia.core.ui.controller.PlayVideoController.java	74	x_MusicOrVideo /\ captureVideo
lancs.mobilemedia.core.ui.controller.PlayVideoController.java	76	x_MusicOrVideo /\ captureVideo
lancs.mobilemedia.core.ui.controller.PlayVideoController.java	77	x_MusicOrVideo /\ captureVideo
lancs.mobilemedia.core.ui.controller.PlayVideoController.java	78	x_MusicOrVideo /\ captureVideo
lancs.mobilemedia.core.ui.controller.PlayVideoController.java	79	x_MusicOrVideo /\ captureVideo
lancs.mobilemedia.core.ui.controller.PlayVideoController.java	80	x_MusicOrVideo /\ captureVideo
lancs.mobilemedia.core.ui.controller.PlayVideoController.java	81	x_MusicOrVideo /\ captureVideo
lancs.mobilemedia.core.ui.controller.PlayVideoController.java	83	x_MusicOrVideo /\ captureVideo
lancs.mobilemedia.core.ui.controller.PlayVideoController.java	84	x_MusicOrVideo /\ captureVideo
lancs.mobilemedia.core.ui.controller.PlayVideoController.java	85	x_MusicOrVideo /\ captureVideo
lancs.mobilemedia.core.ui.controller.PlayVideoController.java	87	x_MusicOrVideo /\ captureVideo
lancs.mobilemedia.core.ui.controller.PlayVideoController.java	88	x_MusicOrVideo /\ captureVideo
lancs.mobilemedia.core.ui.controller.PlayVideoController.java	89	x_MusicOrVideo /\ captureVideo
lancs.mobilemedia.core.ui.controller.PlayVideoController.java	90	x_MusicOrVideo /\ captureVideo
lancs.mobilemedia.core.ui.controller.PlayVideoController.java	92	x_MusicOrVideo /\ captureVideo
lancs.mobilemedia.core.ui.controller.PlayVideoController.java	93	x_MusicOrVideo /\ captureVideo
lancs.mobilemedia.core.ui.controller.PlayVideoController.java	96	x_MusicOrVideo /\ captureVideo
lancs.mobilemedia.core.ui.controller.PlayVideoController.java	97	x_MusicOrVideo /\ captureVideo
lancs.mobilemedia.core.ui.controller.PlayVideoController.java	98	x_MusicOrVideo /\ captureVideo
lancs.mobilemedia.core.ui.controller.PlayVideoController.java	99	x_MusicOrVideo /\ captureVideo
lancs.mobilemedia.core.ui.controller.PlayVideoController.java	103	x_MusicOrVideo
lancs.mobilemedia.core.ui.controller.PlayVideoController.java	108	x_MusicOrVideo /\ captureVideo
lancs.mobilemedia.core.ui.controller.PlayVideoController.java	109	x_MusicOrVideo /\ captureVideo
lancs.mobilemedia.core.ui.controller.PlayVideoController.java	112	x_MusicOrVideo /\ captureVideo
lancs.mobilemedia.core.ui.controller.PlayVideoController.java	113	x_MusicOrVideo /\ captureVideo
lancs.mobilemedia.core.ui.controller.SelectMediaController.java	16	MobilMedia
lancs.mobilemedia.core.ui.controller.SelectMediaController.java	19	includeMMAPI /\ MobilMedia
lancs.mobilemedia.core.ui.controller.SelectMediaController.java	20	includeMMAPI /\ MobilMedia
lancs.mobilemedia.core.ui.controller.SelectMediaController.java	25	x_NotPrivacy /\ MobilMedia
lancs.mobilemedia.core.ui.controller.SelectMediaController.java	26	x_NotPrivacy /\ MobilMedia
lancs.mobilemedia.core.ui.controller.SelectMediaController.java	31	x_MusicOrVideo /\ MobilMedia
lancs.mobilemedia.core.ui.controller.SelectMediaController.java	32	x_MusicOrVideo /\ MobilMedia
lancs.mobilemedia.core.ui.controller.SelectMediaController.java	36	MobilMedia
lancs.mobilemedia.core.ui.controller.SelectMediaController.java	37	MobilMedia
lancs.mobilemedia.core.ui.controller.SelectMediaController.java	42	includeMMAPI /\ MobilMedia
lancs.mobilemedia.core.ui.controller.SelectMediaController.java	43	includeMMAPI /\ MobilMedia
lancs.mobilemedia.core.ui.controller.SelectMediaController.java	46	includeMMAPI /\ MobilMedia
lancs.mobilemedia.core.ui.controller.SelectMediaController.java	47	includeMMAPI /\ MobilMedia
lancs.mobilemedia.core.ui.controller.SelectMediaController.java	50	includeMMAPI /\ MobilMedia
lancs.mobilemedia.core.ui.controller.SelectMediaController.java	51	includeMMAPI /\ MobilMedia
lancs.mobilemedia.core.ui.controller.SelectMediaController.java	54	includeMMAPI /\ MobilMedia
lancs.mobilemedia.core.ui.controller.SelectMediaController.java	55	includeMMAPI /\ MobilMedia
lancs.mobilemedia.core.ui.controller.SelectMediaController.java	61	x_NotPrivacy /\ MobilMedia
lancs.mobilemedia.core.ui.controller.SelectMediaController.java	62	x_NotPrivacy /\ MobilMedia
lancs.mobilemedia.core.ui.controller.SelectMediaController.java	65	x_NotPrivacy /\ MobilMedia
lancs.mobilemedia.core.ui.controller.SelectMediaController.java	66	x_NotPrivacy /\ MobilMedia
lancs.mobilemedia.core.ui.controller.SelectMediaController.java	69	x_NotPrivacy /\ MobilMedia
lancs.mobilemedia.core.ui.controller.SelectMediaController.java	70	x_NotPrivacy /\ MobilMedia
lancs.mobilemedia.core.ui.controller.SelectMediaController.java	73	x_NotPrivacy /\ MobilMedia
lancs.mobilemedia.core.ui.controller.SelectMediaController.java	74	x_NotPrivacy /\ MobilMedia
lancs.mobilemedia.core.ui.controller.SelectMediaController.java	80	x_MusicOrVideo /\ MobilMedia
lancs.mobilemedia.core.ui.controller.SelectMediaController.java	81	x_MusicOrVideo /\ MobilMedia
lancs.mobilemedia.core.ui.controller.SelectMediaController.java	84	x_MusicOrVideo /\ MobilMedia
lancs.mobilemedia.core.ui.controller.SelectMediaController.java	85	x_MusicOrVideo /\ MobilMedia
lancs.mobilemedia.core.ui.controller.SelectMediaController.java	88	x_MusicOrVideo /\ MobilMedia
lancs.mobilemedia.core.ui.controller.SelectMediaController.java	89	x_MusicOrVideo /\ MobilMedia
lancs.mobilemedia.core.ui.controller.SelectMediaController.java	92	x_MusicOrVideo /\ MobilMedia
lancs.mobilemedia.core.ui.controller.SelectMediaController.java	93	x_MusicOrVideo /\ MobilMedia
lancs.mobilemedia.core.ui.controller.SelectMediaController.java	97	MobilMedia
lancs.mobilemedia.core.ui.controller.SelectMediaController.java	98	MobilMedia
lancs.mobilemedia.core.ui.controller.SelectMediaController.java	99	MobilMedia
lancs.mobilemedia.core.ui.controller.SelectMediaController.java	101	MobilMedia
lancs.mobilemedia.core.ui.controller.SelectMediaController.java	102	MobilMedia
lancs.mobilemedia.core.ui.controller.SelectMediaController.java	105	includeMMAPI /\ MobilMedia
lancs.mobilemedia.core.ui.controller.SelectMediaController.java	106	includeMMAPI /\ MobilMedia
lancs.mobilemedia.core.ui.controller.SelectMediaController.java	111	x_NotPrivacy /\ MobilMedia
lancs.mobilemedia.core.ui.controller.SelectMediaController.java	112	x_NotPrivacy /\ MobilMedia
lancs.mobilemedia.core.ui.controller.SelectMediaController.java	117	x_MusicOrVideo /\ MobilMedia
lancs.mobilemedia.core.ui.controller.SelectMediaController.java	118	x_MusicOrVideo /\ MobilMedia
lancs.mobilemedia.core.ui.controller.SelectMediaController.java	121	MobilMedia
lancs.mobilemedia.core.ui.controller.SelectMediaController.java	123	MobilMedia
lancs.mobilemedia.core.ui.controller.PhotoViewController.java	31	x_PhotoAlbumOrMusic
lancs.mobilemedia.core.ui.controller.PhotoViewController.java	35	x_PhotoAlbumOrMusic
lancs.mobilemedia.core.ui.controller.PhotoViewController.java	37	x_PhotoAlbumOrMusic
lancs.mobilemedia.core.ui.controller.PhotoViewController.java	41	x_PhotoAlbumOrMusic /\ x_misc
lancs.mobilemedia.core.ui.controller.PhotoViewController.java	44	x_PhotoAlbumOrMusic
lancs.mobilemedia.core.ui.controller.PhotoViewController.java	51	x_PhotoAlbumOrMusic
lancs.mobilemedia.core.ui.controller.PhotoViewController.java	52	x_PhotoAlbumOrMusic
lancs.mobilemedia.core.ui.controller.PhotoViewController.java	53	x_PhotoAlbumOrMusic
lancs.mobilemedia.core.ui.controller.PhotoViewController.java	59	x_PhotoAlbumOrMusic
lancs.mobilemedia.core.ui.controller.PhotoViewController.java	60	x_PhotoAlbumOrMusic
lancs.mobilemedia.core.ui.controller.PhotoViewController.java	61	x_PhotoAlbumOrMusic
lancs.mobilemedia.core.ui.controller.PhotoViewController.java	64	x_PhotoAlbumOrMusic
lancs.mobilemedia.core.ui.controller.PhotoViewController.java	65	x_PhotoAlbumOrMusic
lancs.mobilemedia.core.ui.controller.PhotoViewController.java	66	x_PhotoAlbumOrMusic
lancs.mobilemedia.core.ui.controller.PhotoViewController.java	67	x_PhotoAlbumOrMusic
lancs.mobilemedia.core.ui.controller.PhotoViewController.java	68	x_PhotoAlbumOrMusic
lancs.mobilemedia.core.ui.controller.PhotoViewController.java	72	x_SMSOrCapturePhotoOrCaptureVideo /\ x_PhotoAlbumOrMusic
lancs.mobilemedia.core.ui.controller.PhotoViewController.java	73	x_SMSOrCapturePhotoOrCaptureVideo /\ x_PhotoAlbumOrMusic
lancs.mobilemedia.core.ui.controller.PhotoViewController.java	76	x_PhotoAlbumOrMusic
lancs.mobilemedia.core.ui.controller.PhotoViewController.java	78	x_PhotoAlbumOrMusic
lancs.mobilemedia.core.ui.controller.PhotoViewController.java	82	x_PhotoAlbumOrMusic
lancs.mobilemedia.core.ui.controller.PhotoViewController.java	83	x_PhotoAlbumOrMusic
lancs.mobilemedia.core.ui.controller.PhotoViewController.java	84	x_PhotoAlbumOrMusic
lancs.mobilemedia.core.ui.controller.PhotoViewController.java	87	x_PhotoAlbumOrMusic /\ includeFavourites
lancs.mobilemedia.core.ui.controller.PhotoViewController.java	89	x_PhotoAlbumOrMusic /\ includeFavourites
lancs.mobilemedia.core.ui.controller.PhotoViewController.java	91	x_PhotoAlbumOrMusic /\ includeFavourites
lancs.mobilemedia.core.ui.controller.PhotoViewController.java	92	x_PhotoAlbumOrMusic /\ includeFavourites
lancs.mobilemedia.core.ui.controller.PhotoViewController.java	93	x_PhotoAlbumOrMusic /\ includeFavourites
lancs.mobilemedia.core.ui.controller.PhotoViewController.java	94	x_PhotoAlbumOrMusic /\ includeFavourites
lancs.mobilemedia.core.ui.controller.PhotoViewController.java	95	x_PhotoAlbumOrMusic /\ includeFavourites
lancs.mobilemedia.core.ui.controller.PhotoViewController.java	96	x_PhotoAlbumOrMusic /\ includeFavourites
lancs.mobilemedia.core.ui.controller.PhotoViewController.java	101	x_PhotoAlbumOrMusic
lancs.mobilemedia.core.ui.controller.PhotoViewController.java	102	x_PhotoAlbumOrMusic
lancs.mobilemedia.core.ui.controller.PhotoViewController.java	106	x_PhotoAlbumOrMusic /\ includeFavourites
lancs.mobilemedia.core.ui.controller.PhotoViewController.java	107	x_PhotoAlbumOrMusic /\ includeFavourites
lancs.mobilemedia.core.ui.controller.PhotoViewController.java	112	x_PhotoAlbumOrMusic /\ includeFavourites
lancs.mobilemedia.core.ui.controller.PhotoViewController.java	117	x_PhotoAlbumOrMusic /\ includeFavourites /\ captureVideo
lancs.mobilemedia.core.ui.controller.PhotoViewController.java	119	x_PhotoAlbumOrMusic
lancs.mobilemedia.core.ui.controller.PhotoViewController.java	120	x_PhotoAlbumOrMusic
lancs.mobilemedia.core.ui.controller.PhotoViewController.java	121	x_PhotoAlbumOrMusic
lancs.mobilemedia.core.ui.controller.PhotoViewController.java	122	x_PhotoAlbumOrMusic
lancs.mobilemedia.core.ui.controller.PhotoViewController.java	124	x_PhotoAlbumOrMusic
lancs.mobilemedia.core.ui.controller.PhotoViewController.java	125	x_PhotoAlbumOrMusic
lancs.mobilemedia.core.ui.controller.PhotoViewController.java	126	x_PhotoAlbumOrMusic
lancs.mobilemedia.core.ui.controller.PhotoViewController.java	128	x_PhotoAlbumOrMusic
lancs.mobilemedia.core.ui.controller.PhotoViewController.java	129	x_PhotoAlbumOrMusic
lancs.mobilemedia.core.ui.controller.PhotoViewController.java	130	x_PhotoAlbumOrMusic
lancs.mobilemedia.core.ui.controller.PhotoViewController.java	131	x_PhotoAlbumOrMusic
lancs.mobilemedia.core.ui.controller.PhotoViewController.java	133	x_PhotoAlbumOrMusic
lancs.mobilemedia.core.ui.controller.PhotoViewController.java	134	x_PhotoAlbumOrMusic
lancs.mobilemedia.core.ui.controller.PhotoViewController.java	137	x_PhotoAlbumOrMusic
lancs.mobilemedia.core.ui.controller.PhotoViewController.java	138	x_PhotoAlbumOrMusic
lancs.mobilemedia.core.ui.controller.PhotoViewController.java	139	x_PhotoAlbumOrMusic
lancs.mobilemedia.core.ui.controller.PhotoViewController.java	140	x_PhotoAlbumOrMusic
lancs.mobilemedia.core.ui.controller.PhotoViewController.java	144	x_PhotoAlbumOrMusic /\ x_misc
lancs.mobilemedia.core.ui.controller.PhotoViewController.java	145	x_PhotoAlbumOrMusic /\ x_misc
lancs.mobilemedia.core.ui.controller.PhotoViewController.java	146	x_PhotoAlbumOrMusic /\ x_misc
lancs.mobilemedia.core.ui.controller.PhotoViewController.java	147	x_PhotoAlbumOrMusic /\ x_misc
lancs.mobilemedia.core.ui.controller.PhotoViewController.java	148	x_PhotoAlbumOrMusic /\ x_misc
lancs.mobilemedia.core.ui.controller.PhotoViewController.java	149	x_PhotoAlbumOrMusic /\ x_misc
lancs.mobilemedia.core.ui.controller.PhotoViewController.java	150	x_PhotoAlbumOrMusic /\ x_misc
lancs.mobilemedia.core.ui.controller.PhotoViewController.java	151	x_PhotoAlbumOrMusic /\ x_misc
lancs.mobilemedia.core.ui.controller.PhotoViewController.java	152	x_PhotoAlbumOrMusic /\ x_misc
lancs.mobilemedia.core.ui.controller.PhotoViewController.java	154	x_PhotoAlbumOrMusic /\ x_misc
lancs.mobilemedia.core.ui.controller.PhotoViewController.java	155	x_PhotoAlbumOrMusic /\ x_misc
lancs.mobilemedia.core.ui.controller.PhotoViewController.java	156	x_PhotoAlbumOrMusic /\ x_misc
lancs.mobilemedia.core.ui.controller.PhotoViewController.java	158	x_PhotoAlbumOrMusic /\ x_misc
lancs.mobilemedia.core.ui.controller.PhotoViewController.java	162	x_PhotoAlbumOrMusic
lancs.mobilemedia.core.ui.controller.PhotoViewController.java	164	x_PhotoAlbumOrMusic
lancs.mobilemedia.core.ui.controller.PhotoViewController.java	165	x_PhotoAlbumOrMusic
lancs.mobilemedia.core.ui.controller.PhotoViewController.java	166	x_PhotoAlbumOrMusic
lancs.mobilemedia.core.ui.controller.PhotoViewController.java	167	x_PhotoAlbumOrMusic
lancs.mobilemedia.core.ui.controller.PhotoViewController.java	170	x_PhotoAlbumOrMusic
lancs.mobilemedia.core.ui.controller.PhotoViewController.java	175	x_PhotoAlbumOrMusic /\ x_misc
lancs.mobilemedia.core.ui.controller.PhotoViewController.java	176	x_PhotoAlbumOrMusic /\ x_misc
lancs.mobilemedia.core.ui.controller.PhotoViewController.java	179	x_PhotoAlbumOrMusic /\ x_misc
lancs.mobilemedia.core.ui.controller.PhotoViewController.java	180	x_PhotoAlbumOrMusic /\ x_misc
lancs.mobilemedia.core.ui.datamodel.VideoMediaAccessor.java	14	x_MusicOrVideo
lancs.mobilemedia.core.ui.datamodel.VideoMediaAccessor.java	16	x_MusicOrVideo
lancs.mobilemedia.core.ui.datamodel.VideoMediaAccessor.java	17	x_MusicOrVideo
lancs.mobilemedia.core.ui.datamodel.VideoMediaAccessor.java	20	x_MusicOrVideo
lancs.mobilemedia.core.ui.datamodel.VideoMediaAccessor.java	21	x_MusicOrVideo
lancs.mobilemedia.core.ui.datamodel.VideoMediaAccessor.java	26	x_MusicOrVideo
lancs.mobilemedia.core.ui.datamodel.VideoMediaAccessor.java	27	x_MusicOrVideo
lancs.mobilemedia.core.ui.datamodel.VideoMediaAccessor.java	28	x_MusicOrVideo
lancs.mobilemedia.core.ui.datamodel.VideoMediaAccessor.java	29	x_MusicOrVideo
lancs.mobilemedia.core.ui.datamodel.VideoMediaAccessor.java	30	x_MusicOrVideo
lancs.mobilemedia.core.ui.datamodel.VideoMediaAccessor.java	31	x_MusicOrVideo
lancs.mobilemedia.core.ui.datamodel.VideoMediaAccessor.java	32	x_MusicOrVideo
lancs.mobilemedia.core.ui.datamodel.VideoMediaAccessor.java	33	x_MusicOrVideo
lancs.mobilemedia.core.ui.datamodel.VideoMediaAccessor.java	35	x_MusicOrVideo
lancs.mobilemedia.core.ui.datamodel.VideoMediaAccessor.java	36	x_MusicOrVideo
lancs.mobilemedia.core.ui.datamodel.VideoMediaAccessor.java	37	x_MusicOrVideo
lancs.mobilemedia.core.ui.datamodel.VideoMediaAccessor.java	39	x_MusicOrVideo
lancs.mobilemedia.core.ui.datamodel.VideoMediaAccessor.java	40	x_MusicOrVideo
lancs.mobilemedia.core.ui.datamodel.VideoMediaAccessor.java	41	x_MusicOrVideo
lancs.mobilemedia.core.ui.datamodel.VideoMediaAccessor.java	42	x_MusicOrVideo
lancs.mobilemedia.core.ui.datamodel.VideoMediaAccessor.java	44	x_MusicOrVideo
lancs.mobilemedia.core.ui.datamodel.VideoMediaAccessor.java	45	x_MusicOrVideo
lancs.mobilemedia.core.ui.datamodel.VideoMediaAccessor.java	46	x_MusicOrVideo
lancs.mobilemedia.core.ui.datamodel.VideoMediaAccessor.java	50	x_MusicOrVideo
lancs.mobilemedia.core.ui.datamodel.VideoMediaAccessor.java	51	x_MusicOrVideo
lancs.mobilemedia.core.ui.datamodel.VideoMediaAccessor.java	52	x_MusicOrVideo
lancs.mobilemedia.core.ui.datamodel.VideoMediaAccessor.java	53	x_MusicOrVideo
lancs.mobilemedia.core.ui.datamodel.VideoMediaAccessor.java	54	x_MusicOrVideo
lancs.mobilemedia.core.ui.datamodel.VideoMediaAccessor.java	55	x_MusicOrVideo
lancs.mobilemedia.core.ui.datamodel.VideoMediaAccessor.java	59	x_MusicOrVideo
lancs.mobilemedia.core.ui.datamodel.VideoMediaAccessor.java	60	x_MusicOrVideo
lancs.mobilemedia.core.ui.datamodel.VideoMediaAccessor.java	61	x_MusicOrVideo
lancs.mobilemedia.core.ui.datamodel.VideoAlbumData.java	11	x_MusicOrVideo
lancs.mobilemedia.core.ui.datamodel.VideoAlbumData.java	13	x_MusicOrVideo
lancs.mobilemedia.core.ui.datamodel.VideoAlbumData.java	14	x_MusicOrVideo
lancs.mobilemedia.core.ui.datamodel.VideoAlbumData.java	17	x_MusicOrVideo
lancs.mobilemedia.core.ui.datamodel.VideoAlbumData.java	18	x_MusicOrVideo
lancs.mobilemedia.core.ui.datamodel.VideoAlbumData.java	19	x_MusicOrVideo
lancs.mobilemedia.core.ui.datamodel.VideoAlbumData.java	21	x_MusicOrVideo
lancs.mobilemedia.core.ui.datamodel.VideoAlbumData.java	22	x_MusicOrVideo
lancs.mobilemedia.core.ui.datamodel.VideoAlbumData.java	24	x_MusicOrVideo
lancs.mobilemedia.core.ui.datamodel.VideoAlbumData.java	25	x_MusicOrVideo
lancs.mobilemedia.core.ui.datamodel.MediaAccessor.java	52	NewCompound1
lancs.mobilemedia.core.ui.datamodel.MediaAccessor.java	187	NewCompound1
lancs.mobilemedia.core.ui.datamodel.MediaAccessor.java	189	NewCompound1
lancs.mobilemedia.core.ui.datamodel.MediaAccessor.java	190	NewCompound1
lancs.mobilemedia.core.ui.datamodel.MediaAccessor.java	191	NewCompound1
lancs.mobilemedia.core.ui.datamodel.MediaAccessor.java	192	NewCompound1
lancs.mobilemedia.core.ui.datamodel.MediaAccessor.java	193	NewCompound1
lancs.mobilemedia.core.ui.datamodel.MediaAccessor.java	200	NewCompound1
lancs.mobilemedia.core.ui.datamodel.MediaAccessor.java	202	NewCompound1
lancs.mobilemedia.core.ui.datamodel.MediaAccessor.java	204	NewCompound1
lancs.mobilemedia.core.ui.datamodel.MediaAccessor.java	205	NewCompound1
lancs.mobilemedia.core.ui.datamodel.MediaAccessor.java	207	NewCompound1
lancs.mobilemedia.core.ui.datamodel.MediaAccessor.java	208	NewCompound1
lancs.mobilemedia.core.ui.datamodel.MediaAccessor.java	211	NewCompound1
lancs.mobilemedia.core.ui.datamodel.MediaAccessor.java	213	NewCompound1
lancs.mobilemedia.core.ui.datamodel.MediaAccessor.java	218	captureVideo
lancs.mobilemedia.core.ui.datamodel.MediaAccessor.java	226	captureVideo
lancs.mobilemedia.core.ui.datamodel.MediaAccessor.java	227	captureVideo
lancs.mobilemedia.core.ui.datamodel.MediaAccessor.java	228	captureVideo
lancs.mobilemedia.core.ui.datamodel.MediaAccessor.java	229	captureVideo
lancs.mobilemedia.core.ui.datamodel.MediaAccessor.java	230	captureVideo
lancs.mobilemedia.core.ui.datamodel.MediaAccessor.java	231	captureVideo
lancs.mobilemedia.core.ui.datamodel.MediaAccessor.java	232	captureVideo
lancs.mobilemedia.core.ui.datamodel.MediaAccessor.java	233	captureVideo
lancs.mobilemedia.core.ui.datamodel.MediaAccessor.java	234	captureVideo
lancs.mobilemedia.core.ui.datamodel.MediaAccessor.java	235	captureVideo
lancs.mobilemedia.core.ui.datamodel.MediaAccessor.java	236	captureVideo
lancs.mobilemedia.core.ui.datamodel.MediaAccessor.java	237	captureVideo
lancs.mobilemedia.core.ui.datamodel.MediaAccessor.java	238	captureVideo
lancs.mobilemedia.core.ui.datamodel.MediaAccessor.java	239	captureVideo
lancs.mobilemedia.core.ui.datamodel.MediaAccessor.java	240	captureVideo
lancs.mobilemedia.core.ui.datamodel.MediaAccessor.java	241	captureVideo
lancs.mobilemedia.core.ui.datamodel.MediaAccessor.java	242	captureVideo
lancs.mobilemedia.core.ui.datamodel.MediaAccessor.java	243	captureVideo
lancs.mobilemedia.core.ui.datamodel.MediaAccessor.java	244	captureVideo
lancs.mobilemedia.core.ui.datamodel.ImageAlbumData.java	10	includeMMAPI
lancs.mobilemedia.core.ui.datamodel.ImageAlbumData.java	12	includeMMAPI
lancs.mobilemedia.core.ui.datamodel.ImageAlbumData.java	13	includeMMAPI
lancs.mobilemedia.core.ui.datamodel.ImageAlbumData.java	16	includeMMAPI
lancs.mobilemedia.core.ui.datamodel.ImageAlbumData.java	22	includeMMAPI
lancs.mobilemedia.core.ui.datamodel.ImageAlbumData.java	24	includeMMAPI
lancs.mobilemedia.core.ui.datamodel.ImageAlbumData.java	25	includeMMAPI
lancs.mobilemedia.core.ui.datamodel.ImageAlbumData.java	28	includeMMAPI
lancs.mobilemedia.core.ui.datamodel.ImageAlbumData.java	29	includeMMAPI
lancs.mobilemedia.core.ui.datamodel.ImageAlbumData.java	31	includeMMAPI
lancs.mobilemedia.core.ui.datamodel.ImageAlbumData.java	32	includeMMAPI
lancs.mobilemedia.core.ui.datamodel.MediaData.java	27	Media
lancs.mobilemedia.core.ui.datamodel.MediaData.java	38	Photo
lancs.mobilemedia.core.ui.datamodel.MediaData.java	39	Photo
lancs.mobilemedia.core.ui.datamodel.MediaData.java	40	Photo
lancs.mobilemedia.core.ui.datamodel.MediaData.java	43	Photo
lancs.mobilemedia.core.ui.datamodel.MediaData.java	140	Media
lancs.mobilemedia.core.ui.datamodel.MediaData.java	143	Media
lancs.mobilemedia.core.ui.datamodel.MediaData.java	144	Media
lancs.mobilemedia.core.ui.datamodel.MediaData.java	147	Media
lancs.mobilemedia.core.ui.datamodel.MediaData.java	151	Media
lancs.mobilemedia.core.ui.datamodel.MediaData.java	152	Media
lancs.mobilemedia.core.ui.datamodel.MediaData.java	155	Media
lancs.mobilemedia.core.ui.datamodel.MediaData.java	158	Media
lancs.mobilemedia.core.ui.datamodel.MediaData.java	159	Media
lancs.mobilemedia.core.ui.datamodel.MediaData.java	165	Photo
lancs.mobilemedia.core.ui.datamodel.MediaData.java	168	Photo
lancs.mobilemedia.core.ui.datamodel.MediaData.java	169	Photo
lancs.mobilemedia.core.ui.datamodel.MediaData.java	172	Photo
lancs.mobilemedia.core.ui.datamodel.MediaData.java	175	Photo
lancs.mobilemedia.core.ui.datamodel.MediaData.java	176	Photo
lancs.mobilemedia.core.ui.datamodel.MusicMediaAccessor.java	13	Photo
lancs.mobilemedia.core.ui.datamodel.MusicMediaAccessor.java	15	Photo
lancs.mobilemedia.core.ui.datamodel.MusicMediaAccessor.java	17	Photo
lancs.mobilemedia.core.ui.datamodel.MusicMediaAccessor.java	18	Photo
lancs.mobilemedia.core.ui.datamodel.MusicMediaAccessor.java	23	Photo /\ x_MusicOrVideo
lancs.mobilemedia.core.ui.datamodel.MusicMediaAccessor.java	24	Photo /\ x_MusicOrVideo
lancs.mobilemedia.core.ui.datamodel.MusicMediaAccessor.java	28	Photo
lancs.mobilemedia.core.ui.datamodel.MusicMediaAccessor.java	29	Photo
lancs.mobilemedia.core.ui.datamodel.MusicMediaAccessor.java	30	Photo
lancs.mobilemedia.core.ui.datamodel.MusicMediaAccessor.java	33	Photo
lancs.mobilemedia.core.ui.datamodel.MusicMediaAccessor.java	34	Photo
lancs.mobilemedia.core.ui.datamodel.MusicMediaAccessor.java	37	Photo
lancs.mobilemedia.core.ui.datamodel.MusicMediaAccessor.java	38	Photo
lancs.mobilemedia.core.ui.datamodel.MusicMediaAccessor.java	39	Photo
lancs.mobilemedia.core.ui.datamodel.MusicMediaAccessor.java	42	Photo
lancs.mobilemedia.core.ui.datamodel.MusicMediaAccessor.java	43	Photo
lancs.mobilemedia.core.ui.datamodel.MusicMediaAccessor.java	45	Photo
lancs.mobilemedia.core.ui.datamodel.MusicMediaAccessor.java	48	Photo
lancs.mobilemedia.core.ui.datamodel.MusicMediaAccessor.java	49	Photo
lancs.mobilemedia.core.ui.datamodel.MusicMediaAccessor.java	50	Photo
lancs.mobilemedia.core.ui.datamodel.MusicMediaAccessor.java	52	Photo
lancs.mobilemedia.core.ui.datamodel.MusicMediaAccessor.java	53	Photo
lancs.mobilemedia.core.ui.datamodel.MusicMediaAccessor.java	56	Photo
lancs.mobilemedia.core.ui.datamodel.MusicMediaAccessor.java	57	Photo
lancs.mobilemedia.core.ui.datamodel.MusicMediaAccessor.java	58	Photo
lancs.mobilemedia.core.ui.datamodel.MusicMediaAccessor.java	59	Photo
lancs.mobilemedia.core.ui.datamodel.MusicMediaAccessor.java	60	Photo
lancs.mobilemedia.core.ui.datamodel.MusicMediaAccessor.java	62	Photo
lancs.mobilemedia.core.ui.datamodel.MusicMediaAccessor.java	63	Photo
lancs.mobilemedia.core.ui.datamodel.MusicMediaAccessor.java	65	Photo
lancs.mobilemedia.core.ui.datamodel.MusicMediaAccessor.java	67	Photo
lancs.mobilemedia.core.ui.datamodel.MusicMediaAccessor.java	68	Photo
lancs.mobilemedia.core.ui.datamodel.MusicMediaAccessor.java	70	Photo
lancs.mobilemedia.core.ui.datamodel.MusicMediaAccessor.java	76	Photo
lancs.mobilemedia.core.ui.datamodel.MusicMediaAccessor.java	77	Photo
lancs.mobilemedia.core.ui.datamodel.MusicMediaAccessor.java	79	Photo
lancs.mobilemedia.core.ui.datamodel.MusicMediaAccessor.java	81	Photo
lancs.mobilemedia.core.ui.datamodel.MusicMediaAccessor.java	82	Photo
lancs.mobilemedia.core.ui.datamodel.MusicMediaAccessor.java	84	Photo
lancs.mobilemedia.core.ui.datamodel.MusicMediaAccessor.java	90	Photo
lancs.mobilemedia.core.ui.datamodel.MusicMediaAccessor.java	91	Photo
lancs.mobilemedia.core.ui.datamodel.MusicAlbumData.java	11	x_NotPrivacy
lancs.mobilemedia.core.ui.datamodel.MusicAlbumData.java	13	x_NotPrivacy
lancs.mobilemedia.core.ui.datamodel.MusicAlbumData.java	14	x_NotPrivacy
lancs.mobilemedia.core.ui.datamodel.MusicAlbumData.java	17	x_NotPrivacy
lancs.mobilemedia.core.ui.datamodel.MusicAlbumData.java	24	x_NotPrivacy
lancs.mobilemedia.core.ui.datamodel.MusicAlbumData.java	25	x_NotPrivacy
lancs.mobilemedia.core.ui.datamodel.MusicAlbumData.java	26	x_NotPrivacy
lancs.mobilemedia.core.ui.datamodel.MusicAlbumData.java	28	x_NotPrivacy
lancs.mobilemedia.core.ui.datamodel.MusicAlbumData.java	29	x_NotPrivacy
lancs.mobilemedia.core.ui.datamodel.MusicAlbumData.java	31	x_NotPrivacy
lancs.mobilemedia.core.ui.datamodel.MusicAlbumData.java	32	x_NotPrivacy
lancs.mobilemedia.core.ui.datamodel.AlbumData.java	86	NewCompound1
lancs.mobilemedia.core.ui.datamodel.AlbumData.java	87	NewCompound1
lancs.mobilemedia.core.ui.datamodel.AlbumData.java	91	NewCompound1
lancs.mobilemedia.core.ui.datamodel.AlbumData.java	92	NewCompound1
lancs.mobilemedia.core.ui.datamodel.AlbumData.java	118	captureVideo
lancs.mobilemedia.core.ui.datamodel.AlbumData.java	124	captureVideo
lancs.mobilemedia.core.ui.datamodel.AlbumData.java	125	captureVideo
lancs.mobilemedia.core.ui.datamodel.AlbumData.java	193	x_MusicOrVideo
lancs.mobilemedia.core.ui.datamodel.AlbumData.java	200	x_MusicOrVideo
lancs.mobilemedia.core.ui.datamodel.AlbumData.java	201	x_MusicOrVideo
lancs.mobilemedia.core.ui.datamodel.AlbumData.java	202	x_MusicOrVideo
lancs.mobilemedia.core.ui.datamodel.AlbumData.java	203	x_MusicOrVideo
lancs.mobilemedia.core.ui.datamodel.AlbumData.java	209	includeFavourites
lancs.mobilemedia.core.ui.datamodel.AlbumData.java	216	includeFavourites
lancs.mobilemedia.core.ui.datamodel.AlbumData.java	217	includeFavourites
lancs.mobilemedia.core.ui.datamodel.AlbumData.java	218	includeFavourites
lancs.mobilemedia.core.ui.datamodel.AlbumData.java	219	includeFavourites
lancs.mobilemedia.core.ui.datamodel.ImageMediaAccessor.java	15	includeMMAPI
lancs.mobilemedia.core.ui.datamodel.ImageMediaAccessor.java	17	includeMMAPI
lancs.mobilemedia.core.ui.datamodel.ImageMediaAccessor.java	19	includeMMAPI
lancs.mobilemedia.core.ui.datamodel.ImageMediaAccessor.java	20	includeMMAPI
lancs.mobilemedia.core.ui.datamodel.ImageMediaAccessor.java	23	includeMMAPI
lancs.mobilemedia.core.ui.datamodel.ImageMediaAccessor.java	33	includeMMAPI
lancs.mobilemedia.core.ui.datamodel.ImageMediaAccessor.java	34	includeMMAPI
lancs.mobilemedia.core.ui.datamodel.ImageMediaAccessor.java	36	includeMMAPI
lancs.mobilemedia.core.ui.datamodel.ImageMediaAccessor.java	37	includeMMAPI
lancs.mobilemedia.core.ui.datamodel.ImageMediaAccessor.java	40	includeMMAPI
lancs.mobilemedia.core.ui.datamodel.ImageMediaAccessor.java	41	includeMMAPI
lancs.mobilemedia.core.ui.datamodel.ImageMediaAccessor.java	43	includeMMAPI
lancs.mobilemedia.core.ui.datamodel.ImageMediaAccessor.java	44	includeMMAPI
lancs.mobilemedia.core.ui.datamodel.ImageMediaAccessor.java	46	includeMMAPI
lancs.mobilemedia.core.ui.datamodel.ImageMediaAccessor.java	47	includeMMAPI
lancs.mobilemedia.core.ui.datamodel.ImageMediaAccessor.java	48	includeMMAPI
lancs.mobilemedia.core.ui.datamodel.ImageMediaAccessor.java	49	includeMMAPI
lancs.mobilemedia.core.ui.datamodel.ImageMediaAccessor.java	51	includeMMAPI
lancs.mobilemedia.core.ui.datamodel.ImageMediaAccessor.java	52	includeMMAPI
lancs.mobilemedia.core.ui.datamodel.ImageMediaAccessor.java	54	includeMMAPI
lancs.mobilemedia.core.ui.datamodel.ImageMediaAccessor.java	55	includeMMAPI
lancs.mobilemedia.core.ui.datamodel.ImageMediaAccessor.java	57	includeMMAPI
lancs.mobilemedia.core.ui.datamodel.ImageMediaAccessor.java	58	includeMMAPI
lancs.mobilemedia.core.ui.datamodel.ImageMediaAccessor.java	60	includeMMAPI
lancs.mobilemedia.core.ui.datamodel.ImageMediaAccessor.java	61	includeMMAPI
lancs.mobilemedia.core.ui.datamodel.ImageMediaAccessor.java	65	includeMMAPI
lancs.mobilemedia.core.ui.datamodel.ImageMediaAccessor.java	66	includeMMAPI
lancs.mobilemedia.core.ui.datamodel.ImageMediaAccessor.java	67	includeMMAPI
lancs.mobilemedia.core.ui.datamodel.ImageMediaAccessor.java	70	includeMMAPI
lancs.mobilemedia.core.ui.datamodel.ImageMediaAccessor.java	71	includeMMAPI
lancs.mobilemedia.core.ui.datamodel.ImageMediaAccessor.java	74	includeMMAPI
lancs.mobilemedia.core.ui.datamodel.ImageMediaAccessor.java	75	includeMMAPI
lancs.mobilemedia.core.ui.datamodel.ImageMediaAccessor.java	76	includeMMAPI
lancs.mobilemedia.core.ui.datamodel.ImageMediaAccessor.java	82	includeMMAPI /\ includeFavourites
lancs.mobilemedia.core.ui.datamodel.ImageMediaAccessor.java	83	includeMMAPI /\ includeFavourites
lancs.mobilemedia.core.ui.datamodel.ImageMediaAccessor.java	84	includeMMAPI /\ includeFavourites
lancs.mobilemedia.core.ui.datamodel.ImageMediaAccessor.java	85	includeMMAPI /\ includeFavourites
lancs.mobilemedia.core.ui.datamodel.ImageMediaAccessor.java	86	includeMMAPI /\ includeFavourites
lancs.mobilemedia.core.ui.datamodel.ImageMediaAccessor.java	87	includeMMAPI /\ includeFavourites
lancs.mobilemedia.core.ui.datamodel.ImageMediaAccessor.java	92	includeMMAPI
lancs.mobilemedia.core.ui.datamodel.ImageMediaAccessor.java	98	includeMMAPI
lancs.mobilemedia.core.ui.datamodel.ImageMediaAccessor.java	99	includeMMAPI
lancs.mobilemedia.core.ui.datamodel.ImageMediaAccessor.java	101	includeMMAPI
lancs.mobilemedia.core.ui.datamodel.ImageMediaAccessor.java	102	includeMMAPI
lancs.mobilemedia.core.ui.datamodel.ImageMediaAccessor.java	103	includeMMAPI
lancs.mobilemedia.core.ui.datamodel.ImageMediaAccessor.java	104	includeMMAPI
lancs.mobilemedia.core.ui.screens.MediaListScreen.java	32	includeMMAPI
lancs.mobilemedia.core.ui.screens.MediaListScreen.java	37	x_NotPrivacy
lancs.mobilemedia.core.ui.screens.MediaListScreen.java	42	x_MusicOrVideo
lancs.mobilemedia.core.ui.screens.MediaListScreen.java	47	includeCopyPhoto
lancs.mobilemedia.core.ui.screens.MediaListScreen.java	52	x_misc
lancs.mobilemedia.core.ui.screens.MediaListScreen.java	63	Media
lancs.mobilemedia.core.ui.screens.MediaListScreen.java	68	includeVideo
lancs.mobilemedia.core.ui.screens.MediaListScreen.java	69	includeVideo
lancs.mobilemedia.core.ui.screens.MediaListScreen.java	90	includeMMAPI
lancs.mobilemedia.core.ui.screens.MediaListScreen.java	91	includeMMAPI
lancs.mobilemedia.core.ui.screens.MediaListScreen.java	96	x_NotPrivacy
lancs.mobilemedia.core.ui.screens.MediaListScreen.java	97	x_NotPrivacy
lancs.mobilemedia.core.ui.screens.MediaListScreen.java	102	x_MusicOrVideo
lancs.mobilemedia.core.ui.screens.MediaListScreen.java	103	x_MusicOrVideo
lancs.mobilemedia.core.ui.screens.MediaListScreen.java	109	includeCopyPhoto
lancs.mobilemedia.core.ui.screens.MediaListScreen.java	110	includeCopyPhoto
lancs.mobilemedia.core.ui.screens.MediaListScreen.java	116	x_misc
lancs.mobilemedia.core.ui.screens.MediaListScreen.java	117	x_misc
lancs.mobilemedia.core.ui.screens.MediaListScreen.java	128	Media
lancs.mobilemedia.core.ui.screens.MediaListScreen.java	133	includeVideo
lancs.mobilemedia.core.ui.screens.MediaListScreen.java	134	includeVideo
lancs.mobilemedia.core.ui.screens.AlbumListScreen.java	23	x_PhotoAlbumAndVideoOrMusic
lancs.mobilemedia.core.ui.screens.AlbumListScreen.java	33	NewCompound1
lancs.mobilemedia.core.ui.screens.AlbumListScreen.java	53	NewCompound1
lancs.mobilemedia.core.ui.screens.SelectTypeOfMedia.java	10	MobilMedia
lancs.mobilemedia.core.ui.screens.SelectTypeOfMedia.java	12	MobilMedia
lancs.mobilemedia.core.ui.screens.SelectTypeOfMedia.java	13	MobilMedia
lancs.mobilemedia.core.ui.screens.SelectTypeOfMedia.java	15	MobilMedia
lancs.mobilemedia.core.ui.screens.SelectTypeOfMedia.java	18	MobilMedia
lancs.mobilemedia.core.ui.screens.SelectTypeOfMedia.java	19	MobilMedia
lancs.mobilemedia.core.ui.screens.SelectTypeOfMedia.java	22	MobilMedia
lancs.mobilemedia.core.ui.screens.SelectTypeOfMedia.java	26	MobilMedia
lancs.mobilemedia.core.ui.screens.SelectTypeOfMedia.java	27	MobilMedia
lancs.mobilemedia.core.ui.screens.SelectTypeOfMedia.java	28	MobilMedia
lancs.mobilemedia.core.ui.screens.SelectTypeOfMedia.java	29	MobilMedia
lancs.mobilemedia.core.ui.screens.SelectTypeOfMedia.java	35	MobilMedia
lancs.mobilemedia.core.ui.screens.SelectTypeOfMedia.java	36	MobilMedia
lancs.mobilemedia.core.ui.screens.SelectTypeOfMedia.java	37	MobilMedia
lancs.mobilemedia.core.ui.screens.SelectTypeOfMedia.java	41	MobilMedia
lancs.mobilemedia.core.ui.screens.SelectTypeOfMedia.java	44	MobilMedia
lancs.mobilemedia.core.ui.screens.SelectTypeOfMedia.java	45	MobilMedia
lancs.mobilemedia.core.ui.screens.SelectTypeOfMedia.java	48	includeMMAPI /\ MobilMedia
lancs.mobilemedia.core.ui.screens.SelectTypeOfMedia.java	53	x_NotPrivacy /\ MobilMedia
lancs.mobilemedia.core.ui.screens.SelectTypeOfMedia.java	58	x_MusicOrVideo /\ MobilMedia
lancs.mobilemedia.core.ui.screens.AddMediaToAlbum.java	14	x_NotPrivacy
lancs.mobilemedia.core.ui.screens.AddMediaToAlbum.java	19	includePrivacy
lancs.mobilemedia.core.ui.screens.AddMediaToAlbum.java	32	x_NotPrivacy
lancs.mobilemedia.core.ui.screens.AddMediaToAlbum.java	67	x_NotPrivacy
lancs.mobilemedia.core.ui.screens.AddMediaToAlbum.java	68	x_NotPrivacy
lancs.mobilemedia.core.ui.screens.AddMediaToAlbum.java	76	includePrivacy
lancs.mobilemedia.core.ui.screens.AddMediaToAlbum.java	77	includePrivacy
lancs.mobilemedia.core.ui.screens.AddMediaToAlbum.java	80	includePrivacy
lancs.mobilemedia.core.ui.screens.AddMediaToAlbum.java	81	includePrivacy
lancs.mobilemedia.core.ui.screens.NewLabelScreen.java	34	NewCompound1
lancs.mobilemedia.core.ui.screens.NewLabelScreen.java	36	x_notMisc
lancs.mobilemedia.core.ui.screens.PasswordScreen.java	8	NewCompound1
lancs.mobilemedia.core.ui.screens.PasswordScreen.java	10	NewCompound1
lancs.mobilemedia.core.ui.screens.PasswordScreen.java	12	NewCompound1
lancs.mobilemedia.core.ui.screens.PasswordScreen.java	13	NewCompound1
lancs.mobilemedia.core.ui.screens.PasswordScreen.java	15	NewCompound1
lancs.mobilemedia.core.ui.screens.PasswordScreen.java	16	NewCompound1
lancs.mobilemedia.core.ui.screens.PasswordScreen.java	17	NewCompound1
lancs.mobilemedia.core.ui.screens.PasswordScreen.java	18	NewCompound1
lancs.mobilemedia.core.ui.screens.PasswordScreen.java	19	NewCompound1
lancs.mobilemedia.core.ui.screens.PasswordScreen.java	20	NewCompound1
lancs.mobilemedia.core.ui.screens.PasswordScreen.java	21	NewCompound1
lancs.mobilemedia.core.ui.screens.PasswordScreen.java	22	NewCompound1
lancs.mobilemedia.core.ui.screens.PasswordScreen.java	23	NewCompound1
lancs.mobilemedia.core.ui.screens.PasswordScreen.java	25	NewCompound1
lancs.mobilemedia.core.ui.screens.PasswordScreen.java	26	NewCompound1
lancs.mobilemedia.core.ui.screens.PasswordScreen.java	27	NewCompound1
lancs.mobilemedia.core.ui.screens.PasswordScreen.java	30	NewCompound1
lancs.mobilemedia.core.ui.screens.PasswordScreen.java	31	NewCompound1
lancs.mobilemedia.core.ui.screens.PasswordScreen.java	34	NewCompound1
lancs.mobilemedia.core.ui.screens.PasswordScreen.java	35	NewCompound1
lancs.mobilemedia.core.util.MediaUtil.java	123	includeVideo
lancs.mobilemedia.core.util.MediaUtil.java	124	includeVideo
lancs.mobilemedia.core.util.MediaUtil.java	125	includeVideo
lancs.mobilemedia.core.util.MediaUtil.java	126	includeVideo
lancs.mobilemedia.core.util.MediaUtil.java	127	includeVideo
lancs.mobilemedia.core.util.MediaUtil.java	129	includeVideo
lancs.mobilemedia.core.util.MediaUtil.java	134	Media
lancs.mobilemedia.core.util.MediaUtil.java	135	Media
lancs.mobilemedia.core.util.MediaUtil.java	137	Media
lancs.mobilemedia.core.util.MediaUtil.java	138	Media
lancs.mobilemedia.core.util.MediaUtil.java	140	Media
lancs.mobilemedia.core.util.MediaUtil.java	141	Media
lancs.mobilemedia.core.util.MediaUtil.java	142	Media
lancs.mobilemedia.core.util.MediaUtil.java	143	Media
lancs.mobilemedia.core.util.MediaUtil.java	144	Media
lancs.mobilemedia.core.util.MediaUtil.java	145	Media
lancs.mobilemedia.core.util.MediaUtil.java	153	includeVideo
lancs.mobilemedia.core.util.MediaUtil.java	157	Media
lancs.mobilemedia.core.util.MediaUtil.java	203	includeVideo
lancs.mobilemedia.core.util.MediaUtil.java	204	includeVideo
lancs.mobilemedia.core.util.MediaUtil.java	205	includeVideo
lancs.mobilemedia.core.util.MediaUtil.java	210	Media
lancs.mobilemedia.core.util.MediaUtil.java	211	Media
lancs.mobilemedia.core.util.MusicMediaUtil.java	9	Photo
lancs.mobilemedia.core.util.MusicMediaUtil.java	11	Photo
lancs.mobilemedia.core.util.MusicMediaUtil.java	12	Photo
lancs.mobilemedia.core.util.MusicMediaUtil.java	13	Photo
lancs.mobilemedia.core.util.MusicMediaUtil.java	14	Photo
lancs.mobilemedia.core.util.MusicMediaUtil.java	16	Photo
lancs.mobilemedia.core.util.MusicMediaUtil.java	17	Photo
lancs.mobilemedia.core.util.MusicMediaUtil.java	19	Photo
lancs.mobilemedia.core.util.MusicMediaUtil.java	20	Photo
lancs.mobilemedia.core.util.MusicMediaUtil.java	22	Photo
lancs.mobilemedia.core.util.MusicMediaUtil.java	23	Photo
lancs.mobilemedia.core.util.MusicMediaUtil.java	26	Photo
lancs.mobilemedia.core.util.MusicMediaUtil.java	27	Photo
lancs.mobilemedia.core.util.MusicMediaUtil.java	28	Photo
lancs.mobilemedia.core.util.MusicMediaUtil.java	29	Photo
lancs.mobilemedia.core.util.MusicMediaUtil.java	33	Photo
lancs.mobilemedia.core.util.MusicMediaUtil.java	34	Photo
lancs.mobilemedia.core.util.MusicMediaUtil.java	35	Photo
lancs.mobilemedia.core.util.MusicMediaUtil.java	36	Photo
lancs.mobilemedia.core.util.MusicMediaUtil.java	38	Photo
lancs.mobilemedia.core.util.MusicMediaUtil.java	39	Photo
lancs.mobilemedia.core.util.MusicMediaUtil.java	40	Photo
lancs.mobilemedia.core.util.MusicMediaUtil.java	42	Photo
lancs.mobilemedia.core.util.MusicMediaUtil.java	44	Photo
lancs.mobilemedia.core.util.MusicMediaUtil.java	45	Photo
lancs.mobilemedia.core.util.MusicMediaUtil.java	46	Photo
lancs.mobilemedia.core.util.MusicMediaUtil.java	47	Photo
lancs.mobilemedia.core.util.MusicMediaUtil.java	48	Photo
lancs.mobilemedia.sms.SmsSenderController.java	21	x_SMSOrCapturePhotoOrCaptureVideo
lancs.mobilemedia.sms.SmsSenderController.java	31	x_SMSOrCapturePhotoOrCaptureVideo
lancs.mobilemedia.sms.SmsSenderController.java	33	x_SMSOrCapturePhotoOrCaptureVideo
lancs.mobilemedia.sms.SmsSenderController.java	34	x_SMSOrCapturePhotoOrCaptureVideo
lancs.mobilemedia.sms.SmsSenderController.java	36	x_SMSOrCapturePhotoOrCaptureVideo
lancs.mobilemedia.sms.SmsSenderController.java	43	x_SMSOrCapturePhotoOrCaptureVideo
lancs.mobilemedia.sms.SmsSenderController.java	44	x_SMSOrCapturePhotoOrCaptureVideo
lancs.mobilemedia.sms.SmsSenderController.java	45	x_SMSOrCapturePhotoOrCaptureVideo
lancs.mobilemedia.sms.SmsSenderController.java	48	x_SMSOrCapturePhotoOrCaptureVideo
lancs.mobilemedia.sms.SmsSenderController.java	53	x_SMSOrCapturePhotoOrCaptureVideo
lancs.mobilemedia.sms.SmsSenderController.java	54	x_SMSOrCapturePhotoOrCaptureVideo
lancs.mobilemedia.sms.SmsSenderController.java	55	x_SMSOrCapturePhotoOrCaptureVideo
lancs.mobilemedia.sms.SmsSenderController.java	58	x_SMSOrCapturePhotoOrCaptureVideo
lancs.mobilemedia.sms.SmsSenderController.java	59	x_SMSOrCapturePhotoOrCaptureVideo
lancs.mobilemedia.sms.SmsSenderController.java	60	x_SMSOrCapturePhotoOrCaptureVideo
lancs.mobilemedia.sms.SmsSenderController.java	61	x_SMSOrCapturePhotoOrCaptureVideo
lancs.mobilemedia.sms.SmsSenderController.java	62	x_SMSOrCapturePhotoOrCaptureVideo
lancs.mobilemedia.sms.SmsSenderController.java	63	x_SMSOrCapturePhotoOrCaptureVideo
lancs.mobilemedia.sms.SmsSenderController.java	66	x_SMSOrCapturePhotoOrCaptureVideo
lancs.mobilemedia.sms.SmsSenderController.java	67	x_SMSOrCapturePhotoOrCaptureVideo
lancs.mobilemedia.sms.SmsSenderController.java	68	x_SMSOrCapturePhotoOrCaptureVideo
lancs.mobilemedia.sms.SmsSenderController.java	69	x_SMSOrCapturePhotoOrCaptureVideo
lancs.mobilemedia.sms.SmsSenderController.java	70	x_SMSOrCapturePhotoOrCaptureVideo
lancs.mobilemedia.sms.SmsSenderController.java	71	x_SMSOrCapturePhotoOrCaptureVideo
lancs.mobilemedia.sms.SmsSenderController.java	72	x_SMSOrCapturePhotoOrCaptureVideo
lancs.mobilemedia.sms.SmsSenderController.java	73	x_SMSOrCapturePhotoOrCaptureVideo
lancs.mobilemedia.sms.SmsSenderController.java	74	x_SMSOrCapturePhotoOrCaptureVideo
lancs.mobilemedia.sms.SmsSenderController.java	75	x_SMSOrCapturePhotoOrCaptureVideo
lancs.mobilemedia.sms.SmsSenderController.java	76	x_SMSOrCapturePhotoOrCaptureVideo
lancs.mobilemedia.sms.SmsSenderController.java	78	x_SMSOrCapturePhotoOrCaptureVideo
lancs.mobilemedia.sms.SmsSenderController.java	81	x_SMSOrCapturePhotoOrCaptureVideo
lancs.mobilemedia.sms.SmsSenderController.java	82	x_SMSOrCapturePhotoOrCaptureVideo
lancs.mobilemedia.sms.SmsSenderController.java	83	x_SMSOrCapturePhotoOrCaptureVideo
lancs.mobilemedia.sms.SmsSenderController.java	85	x_SMSOrCapturePhotoOrCaptureVideo
lancs.mobilemedia.sms.SmsSenderController.java	86	x_SMSOrCapturePhotoOrCaptureVideo
lancs.mobilemedia.sms.SmsSenderController.java	88	x_SMSOrCapturePhotoOrCaptureVideo
lancs.mobilemedia.sms.SmsSenderController.java	90	x_SMSOrCapturePhotoOrCaptureVideo
lancs.mobilemedia.sms.SmsSenderController.java	91	x_SMSOrCapturePhotoOrCaptureVideo
lancs.mobilemedia.sms.SmsSenderController.java	92	x_SMSOrCapturePhotoOrCaptureVideo
lancs.mobilemedia.sms.SmsSenderController.java	93	x_SMSOrCapturePhotoOrCaptureVideo
lancs.mobilemedia.sms.SmsSenderController.java	95	x_SMSOrCapturePhotoOrCaptureVideo
lancs.mobilemedia.sms.SmsSenderController.java	98	x_SMSOrCapturePhotoOrCaptureVideo
lancs.mobilemedia.sms.SmsSenderController.java	99	x_SMSOrCapturePhotoOrCaptureVideo
lancs.mobilemedia.sms.SmsSenderController.java	103	x_SMSOrCapturePhotoOrCaptureVideo
lancs.mobilemedia.sms.SmsReceiverController.java	17	x_SMSOrCapturePhotoOrCaptureVideo
lancs.mobilemedia.sms.SmsReceiverController.java	19	x_SMSOrCapturePhotoOrCaptureVideo
lancs.mobilemedia.sms.SmsReceiverController.java	21	x_SMSOrCapturePhotoOrCaptureVideo
lancs.mobilemedia.sms.SmsReceiverController.java	22	x_SMSOrCapturePhotoOrCaptureVideo
lancs.mobilemedia.sms.SmsReceiverController.java	25	x_SMSOrCapturePhotoOrCaptureVideo
lancs.mobilemedia.sms.SmsReceiverController.java	31	x_SMSOrCapturePhotoOrCaptureVideo
lancs.mobilemedia.sms.SmsReceiverController.java	32	x_SMSOrCapturePhotoOrCaptureVideo
lancs.mobilemedia.sms.SmsReceiverController.java	33	x_SMSOrCapturePhotoOrCaptureVideo
lancs.mobilemedia.sms.SmsReceiverController.java	36	x_SMSOrCapturePhotoOrCaptureVideo
lancs.mobilemedia.sms.SmsReceiverController.java	38	x_SMSOrCapturePhotoOrCaptureVideo
lancs.mobilemedia.sms.SmsReceiverController.java	39	x_SMSOrCapturePhotoOrCaptureVideo
lancs.mobilemedia.sms.SmsReceiverController.java	41	x_SMSOrCapturePhotoOrCaptureVideo
lancs.mobilemedia.sms.SmsReceiverController.java	42	x_SMSOrCapturePhotoOrCaptureVideo
lancs.mobilemedia.sms.SmsReceiverController.java	44	x_SMSOrCapturePhotoOrCaptureVideo
lancs.mobilemedia.sms.SmsReceiverController.java	45	x_SMSOrCapturePhotoOrCaptureVideo
lancs.mobilemedia.sms.SmsReceiverController.java	46	x_SMSOrCapturePhotoOrCaptureVideo
lancs.mobilemedia.sms.SmsReceiverController.java	48	x_SMSOrCapturePhotoOrCaptureVideo
lancs.mobilemedia.sms.SmsReceiverController.java	51	x_SMSOrCapturePhotoOrCaptureVideo
lancs.mobilemedia.sms.SmsReceiverController.java	53	x_SMSOrCapturePhotoOrCaptureVideo
lancs.mobilemedia.sms.SmsReceiverController.java	54	x_SMSOrCapturePhotoOrCaptureVideo
lancs.mobilemedia.sms.SmsReceiverController.java	55	x_SMSOrCapturePhotoOrCaptureVideo
lancs.mobilemedia.sms.SmsReceiverController.java	56	x_SMSOrCapturePhotoOrCaptureVideo
lancs.mobilemedia.sms.SmsReceiverController.java	59	x_SMSOrCapturePhotoOrCaptureVideo
lancs.mobilemedia.sms.SmsReceiverController.java	60	x_SMSOrCapturePhotoOrCaptureVideo
lancs.mobilemedia.sms.SmsReceiverController.java	62	x_SMSOrCapturePhotoOrCaptureVideo
lancs.mobilemedia.sms.SmsReceiverController.java	63	x_SMSOrCapturePhotoOrCaptureVideo
lancs.mobilemedia.sms.SmsReceiverController.java	64	x_SMSOrCapturePhotoOrCaptureVideo
lancs.mobilemedia.sms.SmsReceiverController.java	65	x_SMSOrCapturePhotoOrCaptureVideo
lancs.mobilemedia.sms.SmsReceiverController.java	68	x_SMSOrCapturePhotoOrCaptureVideo
lancs.mobilemedia.sms.SmsReceiverController.java	71	x_SMSOrCapturePhotoOrCaptureVideo
lancs.mobilemedia.sms.SmsReceiverController.java	72	x_SMSOrCapturePhotoOrCaptureVideo
lancs.mobilemedia.sms.SmsReceiverThread.java	17	x_SMSOrCapturePhotoOrCaptureVideo
lancs.mobilemedia.sms.SmsReceiverThread.java	20	x_SMSOrCapturePhotoOrCaptureVideo
lancs.mobilemedia.sms.SmsReceiverThread.java	22	x_SMSOrCapturePhotoOrCaptureVideo
lancs.mobilemedia.sms.SmsReceiverThread.java	24	x_SMSOrCapturePhotoOrCaptureVideo
lancs.mobilemedia.sms.SmsReceiverThread.java	25	x_SMSOrCapturePhotoOrCaptureVideo
lancs.mobilemedia.sms.SmsReceiverThread.java	26	x_SMSOrCapturePhotoOrCaptureVideo
lancs.mobilemedia.sms.SmsReceiverThread.java	27	x_SMSOrCapturePhotoOrCaptureVideo
lancs.mobilemedia.sms.SmsReceiverThread.java	28	x_SMSOrCapturePhotoOrCaptureVideo
lancs.mobilemedia.sms.SmsReceiverThread.java	30	x_SMSOrCapturePhotoOrCaptureVideo
lancs.mobilemedia.sms.SmsReceiverThread.java	31	x_SMSOrCapturePhotoOrCaptureVideo
lancs.mobilemedia.sms.SmsReceiverThread.java	33	x_SMSOrCapturePhotoOrCaptureVideo
lancs.mobilemedia.sms.SmsReceiverThread.java	35	x_SMSOrCapturePhotoOrCaptureVideo
lancs.mobilemedia.sms.SmsReceiverThread.java	39	x_SMSOrCapturePhotoOrCaptureVideo
lancs.mobilemedia.sms.SmsReceiverThread.java	40	x_SMSOrCapturePhotoOrCaptureVideo
lancs.mobilemedia.sms.SmsReceiverThread.java	42	x_SMSOrCapturePhotoOrCaptureVideo
lancs.mobilemedia.sms.SmsReceiverThread.java	51	x_SMSOrCapturePhotoOrCaptureVideo
lancs.mobilemedia.sms.SmsReceiverThread.java	52	x_SMSOrCapturePhotoOrCaptureVideo
lancs.mobilemedia.sms.SmsReceiverThread.java	53	x_SMSOrCapturePhotoOrCaptureVideo
lancs.mobilemedia.sms.SmsReceiverThread.java	55	x_SMSOrCapturePhotoOrCaptureVideo
lancs.mobilemedia.sms.SmsReceiverThread.java	56	x_SMSOrCapturePhotoOrCaptureVideo
lancs.mobilemedia.sms.SmsReceiverThread.java	58	x_SMSOrCapturePhotoOrCaptureVideo
lancs.mobilemedia.sms.SmsReceiverThread.java	59	x_SMSOrCapturePhotoOrCaptureVideo
lancs.mobilemedia.sms.SmsReceiverThread.java	60	x_SMSOrCapturePhotoOrCaptureVideo
lancs.mobilemedia.sms.SmsReceiverThread.java	61	x_SMSOrCapturePhotoOrCaptureVideo
lancs.mobilemedia.sms.SmsReceiverThread.java	62	x_SMSOrCapturePhotoOrCaptureVideo
lancs.mobilemedia.sms.SmsReceiverThread.java	63	x_SMSOrCapturePhotoOrCaptureVideo
lancs.mobilemedia.sms.SmsReceiverThread.java	64	x_SMSOrCapturePhotoOrCaptureVideo
lancs.mobilemedia.sms.SmsReceiverThread.java	65	x_SMSOrCapturePhotoOrCaptureVideo
lancs.mobilemedia.sms.SmsReceiverThread.java	66	x_SMSOrCapturePhotoOrCaptureVideo
lancs.mobilemedia.sms.SmsReceiverThread.java	67	x_SMSOrCapturePhotoOrCaptureVideo
lancs.mobilemedia.sms.SmsReceiverThread.java	68	x_SMSOrCapturePhotoOrCaptureVideo
lancs.mobilemedia.sms.SmsReceiverThread.java	69	x_SMSOrCapturePhotoOrCaptureVideo
lancs.mobilemedia.sms.SmsReceiverThread.java	70	x_SMSOrCapturePhotoOrCaptureVideo
lancs.mobilemedia.sms.SmsReceiverThread.java	71	x_SMSOrCapturePhotoOrCaptureVideo
lancs.mobilemedia.sms.SmsReceiverThread.java	73	x_SMSOrCapturePhotoOrCaptureVideo
lancs.mobilemedia.sms.SmsReceiverThread.java	74	x_SMSOrCapturePhotoOrCaptureVideo
lancs.mobilemedia.sms.SmsReceiverThread.java	75	x_SMSOrCapturePhotoOrCaptureVideo
lancs.mobilemedia.sms.SmsReceiverThread.java	76	x_SMSOrCapturePhotoOrCaptureVideo
lancs.mobilemedia.sms.SmsReceiverThread.java	77	x_SMSOrCapturePhotoOrCaptureVideo
lancs.mobilemedia.sms.SmsReceiverThread.java	78	x_SMSOrCapturePhotoOrCaptureVideo
lancs.mobilemedia.sms.SmsReceiverThread.java	79	x_SMSOrCapturePhotoOrCaptureVideo
lancs.mobilemedia.sms.SmsReceiverThread.java	80	x_SMSOrCapturePhotoOrCaptureVideo
lancs.mobilemedia.sms.SmsReceiverThread.java	81	x_SMSOrCapturePhotoOrCaptureVideo
lancs.mobilemedia.sms.SmsReceiverThread.java	82	x_SMSOrCapturePhotoOrCaptureVideo
lancs.mobilemedia.sms.SmsReceiverThread.java	85	x_SMSOrCapturePhotoOrCaptureVideo
lancs.mobilemedia.sms.SmsReceiverThread.java	86	x_SMSOrCapturePhotoOrCaptureVideo
lancs.mobilemedia.sms.SmsReceiverThread.java	87	x_SMSOrCapturePhotoOrCaptureVideo
lancs.mobilemedia.sms.SmsReceiverThread.java	88	x_SMSOrCapturePhotoOrCaptureVideo
lancs.mobilemedia.sms.SmsReceiverThread.java	89	x_SMSOrCapturePhotoOrCaptureVideo
lancs.mobilemedia.sms.SmsReceiverThread.java	90	x_SMSOrCapturePhotoOrCaptureVideo
lancs.mobilemedia.sms.SmsReceiverThread.java	91	x_SMSOrCapturePhotoOrCaptureVideo
lancs.mobilemedia.sms.SmsReceiverThread.java	93	x_SMSOrCapturePhotoOrCaptureVideo
lancs.mobilemedia.sms.SmsReceiverThread.java	95	x_SMSOrCapturePhotoOrCaptureVideo
