org.prevayler.implementation.replication.ClientPublisher.java	20	Replication
org.prevayler.implementation.replication.ClientPublisher.java	22	Replication
org.prevayler.implementation.replication.ClientPublisher.java	24	Replication
org.prevayler.implementation.replication.ClientPublisher.java	26	Replication
org.prevayler.implementation.replication.ClientPublisher.java	27	Replication
org.prevayler.implementation.replication.ClientPublisher.java	29	Replication
org.prevayler.implementation.replication.ClientPublisher.java	30	Replication
org.prevayler.implementation.replication.ClientPublisher.java	31	Replication
org.prevayler.implementation.replication.ClientPublisher.java	32	Replication
org.prevayler.implementation.replication.ClientPublisher.java	34	Replication
org.prevayler.implementation.replication.ClientPublisher.java	37	Replication
org.prevayler.implementation.replication.ClientPublisher.java	38	Replication
org.prevayler.implementation.replication.ClientPublisher.java	39	Replication
org.prevayler.implementation.replication.ClientPublisher.java	40	Replication
org.prevayler.implementation.replication.ClientPublisher.java	44	Replication
org.prevayler.implementation.replication.ClientPublisher.java	45	Replication
org.prevayler.implementation.replication.ClientPublisher.java	46	Replication
org.prevayler.implementation.replication.ClientPublisher.java	47	Replication
org.prevayler.implementation.replication.ClientPublisher.java	48	Replication
org.prevayler.implementation.replication.ClientPublisher.java	49	Replication
org.prevayler.implementation.replication.ClientPublisher.java	50	Replication
org.prevayler.implementation.replication.ClientPublisher.java	54	Replication
org.prevayler.implementation.replication.ClientPublisher.java	55	Replication
org.prevayler.implementation.replication.ClientPublisher.java	59	Replication
org.prevayler.implementation.replication.ClientPublisher.java	60	Replication
org.prevayler.implementation.replication.ClientPublisher.java	61	Replication
org.prevayler.implementation.replication.ClientPublisher.java	62	Replication
org.prevayler.implementation.replication.ClientPublisher.java	63	Replication
org.prevayler.implementation.replication.ClientPublisher.java	64	Replication
org.prevayler.implementation.replication.ClientPublisher.java	69	Replication
org.prevayler.implementation.replication.ClientPublisher.java	70	Replication
org.prevayler.implementation.replication.ClientPublisher.java	75	Replication
org.prevayler.implementation.replication.ClientPublisher.java	76	Replication
org.prevayler.implementation.replication.ClientPublisher.java	77	Replication
org.prevayler.implementation.replication.ClientPublisher.java	78	Replication
org.prevayler.implementation.replication.ClientPublisher.java	80	Replication
org.prevayler.implementation.replication.ClientPublisher.java	81	Replication
org.prevayler.implementation.replication.ClientPublisher.java	82	Replication
org.prevayler.implementation.replication.ClientPublisher.java	83	Replication
org.prevayler.implementation.replication.ClientPublisher.java	84	Replication
org.prevayler.implementation.replication.ClientPublisher.java	86	Replication
org.prevayler.implementation.replication.ClientPublisher.java	88	Replication
org.prevayler.implementation.replication.ClientPublisher.java	93	Replication
org.prevayler.implementation.replication.ClientPublisher.java	94	Replication
org.prevayler.implementation.replication.ClientPublisher.java	95	Replication
org.prevayler.implementation.replication.ClientPublisher.java	96	Replication
org.prevayler.implementation.replication.ClientPublisher.java	97	Replication
org.prevayler.implementation.replication.ClientPublisher.java	98	Replication
org.prevayler.implementation.replication.ClientPublisher.java	99	Replication
org.prevayler.implementation.replication.ClientPublisher.java	104	Replication
org.prevayler.implementation.replication.ClientPublisher.java	105	Replication
org.prevayler.implementation.replication.ClientPublisher.java	107	Replication
org.prevayler.implementation.replication.ClientPublisher.java	108	Replication
org.prevayler.implementation.replication.ClientPublisher.java	109	Replication
org.prevayler.implementation.replication.ClientPublisher.java	112	Replication
org.prevayler.implementation.replication.ClientPublisher.java	113	Replication
org.prevayler.implementation.replication.ClientPublisher.java	114	Replication
org.prevayler.implementation.replication.ClientPublisher.java	115	Replication
org.prevayler.implementation.replication.ClientPublisher.java	118	Replication
org.prevayler.implementation.replication.ClientPublisher.java	119	Replication
org.prevayler.implementation.replication.ClientPublisher.java	120	Replication
org.prevayler.implementation.replication.ClientPublisher.java	121	Replication
org.prevayler.implementation.replication.ClientPublisher.java	123	Replication
org.prevayler.implementation.replication.ClientPublisher.java	124	Replication
org.prevayler.implementation.replication.ClientPublisher.java	125	Replication
org.prevayler.implementation.replication.ClientPublisher.java	126	Replication
org.prevayler.implementation.replication.ClientPublisher.java	129	Replication
org.prevayler.implementation.replication.ClientPublisher.java	130	Replication
org.prevayler.implementation.replication.ClientPublisher.java	131	Replication
org.prevayler.implementation.replication.ClientPublisher.java	133	Replication
org.prevayler.implementation.replication.ClientPublisher.java	135	Replication
org.prevayler.implementation.replication.ClientPublisher.java	136	Replication
org.prevayler.implementation.replication.ClientPublisher.java	137	Replication
org.prevayler.implementation.replication.ClientPublisher.java	138	Replication
org.prevayler.implementation.replication.ClientPublisher.java	141	Replication
org.prevayler.implementation.replication.ClientPublisher.java	145	Replication
org.prevayler.implementation.replication.ClientPublisher.java	146	Replication
org.prevayler.implementation.replication.ClientPublisher.java	147	Replication
org.prevayler.implementation.replication.ClientPublisher.java	148	Replication
org.prevayler.implementation.replication.ClientPublisher.java	149	Replication
org.prevayler.implementation.replication.ClientPublisher.java	154	Replication
org.prevayler.implementation.replication.ClientPublisher.java	155	Replication
org.prevayler.implementation.replication.ClientPublisher.java	156	Replication
org.prevayler.implementation.replication.ClientPublisher.java	161	Replication
org.prevayler.implementation.replication.ClientPublisher.java	162	Replication
org.prevayler.implementation.replication.ClientPublisher.java	166	Replication
org.prevayler.implementation.replication.ClientPublisher.java	167	Replication
org.prevayler.PrevaylerFactory.java	63	Snapshot
org.prevayler.PrevaylerFactory.java	65	Snapshot
org.prevayler.PrevaylerFactory.java	70	Replication
org.prevayler.PrevaylerFactory.java	71	Replication
org.prevayler.PrevaylerFactory.java	72	Replication
org.prevayler.PrevaylerFactory.java	73	Replication
org.prevayler.PrevaylerFactory.java	74	Replication
org.prevayler.PrevaylerFactory.java	76	Monitor
org.prevayler.PrevaylerFactory.java	135	Snapshot
org.prevayler.PrevaylerFactory.java	136	Snapshot
org.prevayler.PrevaylerFactory.java	137	Snapshot
org.prevayler.PrevaylerFactory.java	138	Snapshot
org.prevayler.PrevaylerFactory.java	176	Snapshot
org.prevayler.PrevaylerFactory.java	190	Monitor
org.prevayler.PrevaylerFactory.java	201	Monitor
org.prevayler.PrevaylerFactory.java	202	Monitor
org.prevayler.PrevaylerFactory.java	205	Snapshot
org.prevayler.PrevaylerFactory.java	213	Snapshot
org.prevayler.PrevaylerFactory.java	214	Snapshot
org.prevayler.PrevaylerFactory.java	254	Replication
org.prevayler.PrevaylerFactory.java	257	Replication
org.prevayler.PrevaylerFactory.java	258	Replication
org.prevayler.PrevaylerFactory.java	259	Replication
org.prevayler.PrevaylerFactory.java	260	Replication
org.prevayler.PrevaylerFactory.java	263	Replication
org.prevayler.PrevaylerFactory.java	266	Replication
org.prevayler.PrevaylerFactory.java	267	Replication
org.prevayler.PrevaylerFactory.java	270	Snapshot
org.prevayler.PrevaylerFactory.java	271	Snapshot
org.prevayler.PrevaylerFactory.java	272	Snapshot
org.prevayler.PrevaylerFactory.java	331	Replication
org.prevayler.PrevaylerFactory.java	332	Replication
org.prevayler.PrevaylerFactory.java	335	Snapshot
org.prevayler.PrevaylerFactory.java	336	Snapshot
org.prevayler.PrevaylerFactory.java	339	Snapshot
org.prevayler.PrevaylerFactory.java	340	Snapshot
org.prevayler.PrevaylerFactory.java	343	Snapshot
org.prevayler.PrevaylerFactory.java	344	Snapshot
org.prevayler.PrevaylerFactory.java	347	Snapshot
org.prevayler.PrevaylerFactory.java	354	Snapshot
org.prevayler.PrevaylerFactory.java	355	Snapshot
org.prevayler.PrevaylerFactory.java	356	Snapshot
org.prevayler.PrevaylerFactory.java	357	Snapshot
org.prevayler.PrevaylerFactory.java	358	Snapshot
org.prevayler.PrevaylerFactory.java	374	Snapshot
org.prevayler.PrevaylerFactory.java	376	Snapshot
org.prevayler.PrevaylerFactory.java	377	Snapshot
org.prevayler.PrevaylerFactory.java	379	Snapshot
org.prevayler.PrevaylerFactory.java	380	Replication
org.prevayler.PrevaylerFactory.java	381	Replication
org.prevayler.PrevaylerFactory.java	382	Snapshot
org.prevayler.PrevaylerFactory.java	383	Snapshot
org.prevayler.PrevaylerFactory.java	384	Snapshot
org.prevayler.PrevaylerFactory.java	386	Snapshot
org.prevayler.PrevaylerFactory.java	387	Snapshot
org.prevayler.PrevaylerFactory.java	402	Snapshot
org.prevayler.PrevaylerFactory.java	403	Snapshot
org.prevayler.PrevaylerFactory.java	404	Replication /\ Snapshot
org.prevayler.PrevaylerFactory.java	405	Replication /\ Snapshot
org.prevayler.PrevaylerFactory.java	406	Replication /\ Snapshot
org.prevayler.PrevaylerFactory.java	407	Snapshot /\ Censor
org.prevayler.PrevaylerFactory.java	408	Snapshot /\ Censor
org.prevayler.PrevaylerFactory.java	409	Snapshot /\ Censor
org.prevayler.PrevaylerFactory.java	411	Snapshot /\ Censor
org.prevayler.PrevaylerFactory.java	415	Replication
org.prevayler.PrevaylerFactory.java	416	Replication
org.prevayler.PrevaylerFactory.java	417	Replication
org.prevayler.PrevaylerFactory.java	421	Censor
org.prevayler.PrevaylerFactory.java	422	Censor
org.prevayler.PrevaylerFactory.java	423	Censor
org.prevayler.PrevaylerFactory.java	424	Censor
org.prevayler.PrevaylerFactory.java	428	Snapshot
org.prevayler.PrevaylerFactory.java	429	Snapshot
org.prevayler.PrevaylerFactory.java	430	Snapshot
org.prevayler.PrevaylerFactory.java	431	Snapshot
org.prevayler.PrevaylerFactory.java	432	Snapshot
org.prevayler.PrevaylerFactory.java	433	Monitor /\ Snapshot
org.prevayler.PrevaylerFactory.java	434	Monitor /\ Snapshot
org.prevayler.PrevaylerFactory.java	435	Monitor /\ Snapshot
org.prevayler.PrevaylerFactory.java	437	Monitor /\ Snapshot
org.prevayler.PrevaylerFactory.java	438	Monitor /\ Snapshot
org.prevayler.PrevaylerFactory.java	452	Replication
org.prevayler.PrevaylerFactory.java	453	Replication
org.prevayler.PrevaylerFactory.java	456	Snapshot
org.prevayler.PrevaylerFactory.java	457	Snapshot
org.prevayler.PrevaylerFactory.java	458	Snapshot
org.prevayler.PrevaylerFactory.java	459	Snapshot
org.prevayler.PrevaylerFactory.java	461	Snapshot
org.prevayler.PrevaylerFactory.java	462	Snapshot
org.prevayler.PrevaylerFactory.java	463	Snapshot
org.prevayler.PrevaylerFactory.java	464	Snapshot
org.prevayler.PrevaylerFactory.java	465	Snapshot
org.prevayler.PrevaylerFactory.java	466	Snapshot
org.prevayler.PrevaylerFactory.java	468	Snapshot
org.prevayler.PrevaylerFactory.java	469	Snapshot
org.prevayler.PrevaylerFactory.java	470	Snapshot
org.prevayler.PrevaylerFactory.java	471	Snapshot
org.prevayler.PrevaylerFactory.java	472	Snapshot
org.prevayler.PrevaylerFactory.java	475	Monitor
org.prevayler.PrevaylerFactory.java	476	Monitor
org.prevayler.demos.demo2.MainReplica.java	8	Replication
org.prevayler.demos.demo2.MainReplica.java	10	Replication
org.prevayler.demos.demo2.MainReplica.java	11	Replication
org.prevayler.demos.demo2.MainReplica.java	12	Replication
org.prevayler.demos.demo2.MainReplica.java	13	Replication
org.prevayler.demos.demo2.MainReplica.java	14	Replication
org.prevayler.demos.demo2.MainReplica.java	17	Replication
org.prevayler.demos.demo2.MainReplica.java	18	Replication
org.prevayler.demos.demo2.MainReplica.java	19	Replication
org.prevayler.demos.demo2.MainReplica.java	20	Replication
org.prevayler.demos.demo2.MainReplica.java	21	Replication
org.prevayler.demos.demo2.MainReplica.java	22	Replication
org.prevayler.demos.demo2.MainReplica.java	23	Replication
org.prevayler.demos.demo2.MainReplica.java	24	Replication
org.prevayler.demos.demo2.MainReplica.java	25	Replication
org.prevayler.demos.demo2.MainReplica.java	26	Replication
org.prevayler.demos.demo2.MainReplica.java	29	Replication
org.prevayler.demos.demo2.MainReplica.java	32	Replication
org.prevayler.demos.demo2.MainReplica.java	33	Replication
org.prevayler.demos.demo2.MainReplica.java	34	Replication
org.prevayler.demos.demo2.MainReplica.java	35	Replication
org.prevayler.demos.demo2.MainReplica.java	36	Replication
org.prevayler.demos.demo2.MainReplica.java	38	Replication
org.prevayler.demos.demo2.MainReplica.java	42	Replication
org.prevayler.demos.demo2.MainReplica.java	43	Replication
org.prevayler.demos.demo2.MainXStream.java	11	Snapshot
org.prevayler.demos.demo2.MainXStream.java	13	Snapshot
org.prevayler.demos.demo2.MainXStream.java	14	Snapshot
org.prevayler.demos.demo2.MainXStream.java	16	Snapshot
org.prevayler.demos.demo2.MainXStream.java	17	Snapshot
org.prevayler.demos.demo2.MainXStream.java	19	Snapshot
org.prevayler.demos.demo2.MainXStream.java	20	Snapshot
org.prevayler.demos.demo2.MainXStream.java	21	Snapshot
org.prevayler.demos.demo2.MainXStream.java	22	Snapshot
org.prevayler.demos.demo2.MainXStream.java	23	Snapshot
org.prevayler.demos.demo2.MainXStream.java	24	Snapshot
org.prevayler.demos.demo2.MainXStream.java	25	Snapshot
org.prevayler.demos.demo2.MainXStream.java	28	Snapshot
org.prevayler.demos.demo2.MainXStream.java	29	Snapshot
org.prevayler.demos.demo2.MainXStream.java	31	Snapshot
org.prevayler.demos.demo2.MainXStream.java	34	Snapshot
org.prevayler.demos.demo2.MainXStream.java	35	Snapshot
org.prevayler.demos.demo2.MainReplicaServer.java	8	Replication
org.prevayler.demos.demo2.MainReplicaServer.java	10	Replication
org.prevayler.demos.demo2.MainReplicaServer.java	11	Replication
org.prevayler.demos.demo2.MainReplicaServer.java	12	Replication
org.prevayler.demos.demo2.MainReplicaServer.java	13	Replication
org.prevayler.demos.demo2.MainReplicaServer.java	14	Replication
org.prevayler.demos.demo2.MainReplicaServer.java	15	Replication
org.prevayler.demos.demo2.MainReplicaServer.java	16	Replication
org.prevayler.demos.demo2.MainReplicaServer.java	17	Replication
org.prevayler.demos.demo2.MainReplicaServer.java	20	Replication
org.prevayler.demos.demo2.MainReplicaServer.java	21	Replication
org.prevayler.demos.demo2.MainReplicaServer.java	22	Replication
org.prevayler.demos.demo2.MainReplicaServer.java	23	Replication
org.prevayler.demos.demo2.MainReplicaServer.java	24	Replication
org.prevayler.demos.demo2.MainReplicaServer.java	26	Replication
org.prevayler.demos.demo2.MainReplicaServer.java	30	Replication
org.prevayler.demos.demo2.MainReplicaServer.java	31	Replication
org.prevayler.demos.demo2.MainSkaringa.java	8	Snapshot
org.prevayler.demos.demo2.MainSkaringa.java	10	Snapshot
org.prevayler.demos.demo2.MainSkaringa.java	11	Snapshot
org.prevayler.demos.demo2.MainSkaringa.java	13	Snapshot
org.prevayler.demos.demo2.MainSkaringa.java	14	Snapshot
org.prevayler.demos.demo2.MainSkaringa.java	15	Snapshot
org.prevayler.demos.demo2.MainSkaringa.java	16	Snapshot
org.prevayler.demos.demo2.MainSkaringa.java	17	Snapshot
org.prevayler.demos.demo2.MainSkaringa.java	19	Snapshot
org.prevayler.demos.demo2.MainSkaringa.java	22	Snapshot
org.prevayler.demos.demo2.MainSkaringa.java	23	Snapshot
org.prevayler.foundation.DurableInputStream.java	23	Monitor
org.prevayler.foundation.DurableInputStream.java	27	Monitor
org.prevayler.foundation.DurableInputStream.java	28	Monitor
org.prevayler.foundation.DurableInputStream.java	29	Monitor
org.prevayler.foundation.DurableInputStream.java	62	Monitor
org.prevayler.foundation.gzip.NonCloseableOutputStream.java	6	GZip
org.prevayler.foundation.gzip.NonCloseableOutputStream.java	8	GZip
org.prevayler.foundation.gzip.NonCloseableOutputStream.java	10	GZip
org.prevayler.foundation.gzip.NonCloseableOutputStream.java	11	GZip
org.prevayler.foundation.gzip.NonCloseableOutputStream.java	14	GZip
org.prevayler.foundation.gzip.NonCloseableOutputStream.java	17	GZip
org.prevayler.foundation.gzip.NonCloseableOutputStream.java	18	GZip
org.prevayler.foundation.gzip.NonCloseableOutputStream.java	21	GZip
org.prevayler.foundation.gzip.NonCloseableOutputStream.java	22	GZip
org.prevayler.foundation.gzip.NonCloseableOutputStream.java	25	GZip
org.prevayler.foundation.gzip.NonCloseableOutputStream.java	26	GZip
org.prevayler.foundation.gzip.NonCloseableOutputStream.java	29	GZip
org.prevayler.foundation.gzip.NonCloseableOutputStream.java	30	GZip
org.prevayler.foundation.gzip.MultiMemberGZIPInputStream.java	9	GZip
org.prevayler.foundation.gzip.MultiMemberGZIPInputStream.java	11	GZip
org.prevayler.foundation.gzip.MultiMemberGZIPInputStream.java	13	GZip
org.prevayler.foundation.gzip.MultiMemberGZIPInputStream.java	14	GZip
org.prevayler.foundation.gzip.MultiMemberGZIPInputStream.java	17	GZip
org.prevayler.foundation.gzip.MultiMemberGZIPInputStream.java	18	GZip
org.prevayler.foundation.gzip.MultiMemberGZIPInputStream.java	21	GZip
org.prevayler.foundation.gzip.MultiMemberGZIPInputStream.java	22	GZip
org.prevayler.foundation.gzip.MultiMemberGZIPInputStream.java	23	GZip
org.prevayler.foundation.gzip.MultiMemberGZIPInputStream.java	24	GZip
org.prevayler.foundation.gzip.MultiMemberGZIPInputStream.java	27	GZip
org.prevayler.foundation.gzip.MultiMemberGZIPInputStream.java	28	GZip
org.prevayler.foundation.gzip.MultiMemberGZIPInputStream.java	31	GZip
org.prevayler.foundation.gzip.MultiMemberGZIPInputStream.java	32	GZip
org.prevayler.foundation.gzip.MultiMemberGZIPInputStream.java	33	GZip
org.prevayler.foundation.gzip.MultiMemberGZIPInputStream.java	34	GZip
org.prevayler.foundation.gzip.MultiMemberGZIPInputStream.java	35	GZip
org.prevayler.foundation.gzip.MultiMemberGZIPInputStream.java	36	GZip
org.prevayler.foundation.gzip.MultiMemberGZIPInputStream.java	37	GZip
org.prevayler.foundation.gzip.MultiMemberGZIPInputStream.java	39	GZip
org.prevayler.foundation.gzip.MultiMemberGZIPInputStream.java	41	GZip
org.prevayler.foundation.gzip.MultiMemberGZIPInputStream.java	44	GZip
org.prevayler.foundation.gzip.MultiMemberGZIPInputStream.java	45	GZip
org.prevayler.foundation.gzip.MultiMemberGZIPInputStream.java	48	GZip
org.prevayler.foundation.gzip.MultiMemberGZIPInputStream.java	49	GZip
org.prevayler.foundation.gzip.MultiMemberGZIPInputStream.java	52	GZip
org.prevayler.foundation.gzip.MultiMemberGZIPInputStream.java	53	GZip
org.prevayler.foundation.gzip.MultiMemberGZIPInputStream.java	56	GZip
org.prevayler.foundation.gzip.MultiMemberGZIPInputStream.java	57	GZip
org.prevayler.foundation.gzip.MultiMemberGZIPInputStream.java	60	GZip
org.prevayler.foundation.gzip.MultiMemberGZIPInputStream.java	61	GZip
org.prevayler.foundation.gzip.ContinuableGZIPInputStream.java	9	GZip
org.prevayler.foundation.gzip.ContinuableGZIPInputStream.java	11	GZip
org.prevayler.foundation.gzip.ContinuableGZIPInputStream.java	12	GZip
org.prevayler.foundation.gzip.ContinuableGZIPInputStream.java	15	GZip
org.prevayler.foundation.gzip.ContinuableGZIPInputStream.java	16	GZip
org.prevayler.foundation.gzip.ContinuableGZIPInputStream.java	17	GZip
org.prevayler.foundation.gzip.ContinuableGZIPInputStream.java	18	GZip
org.prevayler.foundation.gzip.ContinuableGZIPInputStream.java	19	GZip
org.prevayler.foundation.gzip.ContinuableGZIPInputStream.java	20	GZip
org.prevayler.foundation.gzip.MultiMemberGZIPOutputStream.java	7	GZip
org.prevayler.foundation.gzip.MultiMemberGZIPOutputStream.java	9	GZip
org.prevayler.foundation.gzip.MultiMemberGZIPOutputStream.java	10	GZip
org.prevayler.foundation.gzip.MultiMemberGZIPOutputStream.java	12	GZip
org.prevayler.foundation.gzip.MultiMemberGZIPOutputStream.java	13	GZip
org.prevayler.foundation.gzip.MultiMemberGZIPOutputStream.java	14	GZip
org.prevayler.foundation.gzip.MultiMemberGZIPOutputStream.java	17	GZip
org.prevayler.foundation.gzip.MultiMemberGZIPOutputStream.java	18	GZip
org.prevayler.foundation.gzip.MultiMemberGZIPOutputStream.java	21	GZip
org.prevayler.foundation.gzip.MultiMemberGZIPOutputStream.java	22	GZip
org.prevayler.foundation.gzip.MultiMemberGZIPOutputStream.java	25	GZip
org.prevayler.foundation.gzip.MultiMemberGZIPOutputStream.java	26	GZip
org.prevayler.foundation.gzip.MultiMemberGZIPOutputStream.java	27	GZip
org.prevayler.foundation.gzip.MultiMemberGZIPOutputStream.java	29	GZip
org.prevayler.foundation.gzip.MultiMemberGZIPOutputStream.java	32	GZip
org.prevayler.foundation.gzip.MultiMemberGZIPOutputStream.java	33	GZip
org.prevayler.foundation.gzip.MultiMemberGZIPOutputStream.java	34	GZip
org.prevayler.foundation.gzip.MultiMemberGZIPOutputStream.java	35	GZip
org.prevayler.foundation.gzip.MultiMemberGZIPOutputStream.java	37	GZip
org.prevayler.foundation.gzip.MultiMemberGZIPOutputStream.java	40	GZip
org.prevayler.foundation.gzip.MultiMemberGZIPOutputStream.java	41	GZip
org.prevayler.foundation.monitor.NullMonitor.java	11	Monitor
org.prevayler.foundation.monitor.NullMonitor.java	14	Monitor
org.prevayler.foundation.monitor.NullMonitor.java	16	Monitor
org.prevayler.foundation.monitor.NullMonitor.java	19	Monitor
org.prevayler.foundation.monitor.NullMonitor.java	21	Monitor
org.prevayler.foundation.monitor.NullMonitor.java	24	Monitor
org.prevayler.foundation.monitor.NullMonitor.java	26	Monitor
org.prevayler.foundation.monitor.NullMonitor.java	29	Monitor
org.prevayler.foundation.monitor.NullMonitor.java	31	Monitor
org.prevayler.foundation.monitor.NullMonitor.java	34	Monitor
org.prevayler.foundation.monitor.LoggingMonitor.java	10	Monitor
org.prevayler.foundation.monitor.LoggingMonitor.java	13	Monitor
org.prevayler.foundation.monitor.LoggingMonitor.java	15	Monitor
org.prevayler.foundation.monitor.LoggingMonitor.java	16	Monitor
org.prevayler.foundation.monitor.LoggingMonitor.java	19	Monitor
org.prevayler.foundation.monitor.LoggingMonitor.java	20	Monitor
org.prevayler.foundation.monitor.LoggingMonitor.java	23	Monitor
org.prevayler.foundation.monitor.LoggingMonitor.java	24	Monitor
org.prevayler.foundation.monitor.LoggingMonitor.java	27	Monitor
org.prevayler.foundation.monitor.LoggingMonitor.java	28	Monitor
org.prevayler.foundation.monitor.LoggingMonitor.java	31	Monitor
org.prevayler.foundation.monitor.LoggingMonitor.java	33	Monitor
org.prevayler.foundation.monitor.LoggingMonitor.java	35	Monitor
org.prevayler.foundation.monitor.LoggingMonitor.java	38	Monitor
org.prevayler.foundation.monitor.LoggingMonitor.java	39	Monitor
org.prevayler.foundation.monitor.Log4jMonitor.java	12	Monitor
org.prevayler.foundation.monitor.Log4jMonitor.java	16	Monitor
org.prevayler.foundation.monitor.Log4jMonitor.java	18	Monitor
org.prevayler.foundation.monitor.Log4jMonitor.java	20	Monitor
org.prevayler.foundation.monitor.Log4jMonitor.java	21	Monitor
org.prevayler.foundation.monitor.Log4jMonitor.java	24	Monitor
org.prevayler.foundation.monitor.Log4jMonitor.java	25	Monitor
org.prevayler.foundation.monitor.Log4jMonitor.java	28	Monitor
org.prevayler.foundation.monitor.Log4jMonitor.java	29	Monitor
org.prevayler.foundation.monitor.Log4jMonitor.java	32	Monitor
org.prevayler.foundation.monitor.Log4jMonitor.java	33	Monitor
org.prevayler.foundation.monitor.Log4jMonitor.java	36	Monitor
org.prevayler.foundation.monitor.Log4jMonitor.java	37	Monitor
org.prevayler.foundation.monitor.SimpleMonitor.java	11	Monitor
org.prevayler.foundation.monitor.SimpleMonitor.java	14	Monitor
org.prevayler.foundation.monitor.SimpleMonitor.java	16	Monitor
org.prevayler.foundation.monitor.SimpleMonitor.java	18	Monitor
org.prevayler.foundation.monitor.SimpleMonitor.java	19	Monitor
org.prevayler.foundation.monitor.SimpleMonitor.java	22	Monitor
org.prevayler.foundation.monitor.SimpleMonitor.java	25	Monitor
org.prevayler.foundation.monitor.SimpleMonitor.java	26	Monitor
org.prevayler.foundation.monitor.SimpleMonitor.java	29	Monitor
org.prevayler.foundation.monitor.SimpleMonitor.java	30	Monitor
org.prevayler.foundation.monitor.SimpleMonitor.java	33	Monitor
org.prevayler.foundation.monitor.SimpleMonitor.java	34	Monitor
org.prevayler.foundation.monitor.SimpleMonitor.java	35	Monitor
org.prevayler.foundation.network.NetworkServerObjectReceiverImpl.java	12	Replication
org.prevayler.foundation.network.NetworkServerObjectReceiverImpl.java	20	Replication
org.prevayler.foundation.network.NetworkServerObjectReceiverImpl.java	23	Replication
org.prevayler.foundation.network.NetworkServerObjectReceiverImpl.java	24	Replication
org.prevayler.foundation.network.NetworkServerObjectReceiverImpl.java	25	Replication
org.prevayler.foundation.network.NetworkServerObjectReceiverImpl.java	26	Replication
org.prevayler.foundation.network.NetworkServerObjectReceiverImpl.java	28	Replication
org.prevayler.foundation.network.NetworkServerObjectReceiverImpl.java	29	Replication
org.prevayler.foundation.network.NetworkServerObjectReceiverImpl.java	32	Replication
org.prevayler.foundation.network.NetworkServerObjectReceiverImpl.java	33	Replication
org.prevayler.foundation.network.NetworkServerObjectReceiverImpl.java	34	Replication
org.prevayler.foundation.network.NetworkServerObjectReceiverImpl.java	35	Replication
org.prevayler.foundation.network.NetworkServerObjectReceiverImpl.java	36	Replication
org.prevayler.foundation.network.NetworkServerObjectReceiverImpl.java	37	Replication
org.prevayler.foundation.network.NetworkServerObjectReceiverImpl.java	38	Replication
org.prevayler.foundation.network.NetworkServerObjectReceiverImpl.java	39	Replication
org.prevayler.foundation.network.NetworkServerObjectReceiverImpl.java	42	Replication
org.prevayler.foundation.network.NetworkServerObjectReceiverImpl.java	43	Replication
org.prevayler.foundation.network.NetworkServerObjectReceiverImpl.java	44	Replication
org.prevayler.foundation.network.NetworkServerObjectReceiverImpl.java	45	Replication
org.prevayler.foundation.network.NetworkServerObjectReceiverImpl.java	46	Replication
org.prevayler.foundation.network.NetworkServerObjectReceiverImpl.java	47	Replication
org.prevayler.foundation.network.NetworkServerObjectReceiverImpl.java	49	Replication
org.prevayler.foundation.network.NetworkServerObjectReceiverImpl.java	55	Replication
org.prevayler.foundation.network.NetworkServerObjectReceiverImpl.java	56	Replication
org.prevayler.foundation.network.NetworkServerObjectReceiverImpl.java	57	Replication
org.prevayler.foundation.network.NetworkServerObjectReceiverImpl.java	58	Replication
org.prevayler.foundation.network.NetworkServerObjectReceiverImpl.java	59	Replication
org.prevayler.foundation.network.StubbornClientReceiverImpl.java	13	Replication
org.prevayler.foundation.network.StubbornClientReceiverImpl.java	28	Replication
org.prevayler.foundation.network.StubbornClientReceiverImpl.java	30	Replication
org.prevayler.foundation.network.StubbornClientReceiverImpl.java	31	Replication
org.prevayler.foundation.network.StubbornClientReceiverImpl.java	32	Replication
org.prevayler.foundation.network.StubbornClientReceiverImpl.java	33	Replication
org.prevayler.foundation.network.StubbornClientReceiverImpl.java	34	Replication
org.prevayler.foundation.network.StubbornClientReceiverImpl.java	35	Replication
org.prevayler.foundation.network.StubbornClientReceiverImpl.java	36	Replication
org.prevayler.foundation.network.StubbornClientReceiverImpl.java	37	Replication
org.prevayler.foundation.network.StubbornClientReceiverImpl.java	38	Replication
org.prevayler.foundation.network.StubbornClientReceiverImpl.java	39	Replication
org.prevayler.foundation.network.StubbornClientReceiverImpl.java	40	Replication
org.prevayler.foundation.network.StubbornClientReceiverImpl.java	42	Replication
org.prevayler.foundation.network.StubbornClientReceiverImpl.java	43	Replication
org.prevayler.foundation.network.StubbornClientReceiverImpl.java	44	Replication
org.prevayler.foundation.network.StubbornClientReceiverImpl.java	45	Replication
org.prevayler.foundation.network.StubbornClientReceiverImpl.java	46	Replication
org.prevayler.foundation.network.StubbornClientReceiverImpl.java	47	Replication
org.prevayler.foundation.network.StubbornClientReceiverImpl.java	48	Replication
org.prevayler.foundation.network.StubbornClientReceiverImpl.java	49	Replication
org.prevayler.foundation.network.StubbornClientReceiverImpl.java	50	Replication
org.prevayler.foundation.network.StubbornClientReceiverImpl.java	51	Replication
org.prevayler.foundation.network.StubbornClientReceiverImpl.java	52	Replication
org.prevayler.foundation.network.StubbornClientReceiverImpl.java	54	Replication
org.prevayler.foundation.network.StubbornClientReceiverImpl.java	55	Replication
org.prevayler.foundation.network.StubbornClientReceiverImpl.java	56	Replication
org.prevayler.foundation.network.StubbornClientReceiverImpl.java	60	Replication
org.prevayler.foundation.network.StubbornClientReceiverImpl.java	63	Replication
org.prevayler.foundation.network.StubbornClientReceiverImpl.java	66	Replication
org.prevayler.foundation.network.StubbornClientReceiverImpl.java	67	Replication
org.prevayler.foundation.network.StubbornClientReceiverImpl.java	68	Replication
org.prevayler.foundation.network.StubbornClientReceiverImpl.java	69	Replication
org.prevayler.foundation.network.StubbornClientReceiverImpl.java	70	Replication
org.prevayler.foundation.network.StubbornClientReceiverImpl.java	71	Replication
org.prevayler.foundation.network.StubbornClientReceiverImpl.java	75	Replication
org.prevayler.foundation.network.StubbornClientReceiverImpl.java	76	Replication
org.prevayler.foundation.network.StubbornClientReceiverImpl.java	80	Replication
org.prevayler.foundation.network.StubbornClientReceiverImpl.java	81	Replication
org.prevayler.foundation.network.StubbornClientReceiverImpl.java	82	Replication
org.prevayler.foundation.network.StubbornClientReceiverImpl.java	86	Replication
org.prevayler.foundation.network.StubbornClientReceiverImpl.java	87	Replication
org.prevayler.foundation.network.StubbornClientReceiverImpl.java	88	Replication
org.prevayler.foundation.network.StubbornClientReceiverImpl.java	89	Replication
org.prevayler.foundation.network.StubbornClientReceiverImpl.java	91	Replication
org.prevayler.foundation.network.StubbornClientReceiverImpl.java	92	Replication
org.prevayler.foundation.network.StubbornClientReceiverImpl.java	96	Replication
org.prevayler.foundation.network.StubbornClientReceiverImpl.java	97	Replication
org.prevayler.foundation.network.StubbornClientReceiverImpl.java	98	Replication
org.prevayler.foundation.network.StubbornClientReceiverImpl.java	101	Replication
org.prevayler.foundation.network.StubbornClientReceiverImpl.java	102	Replication
org.prevayler.foundation.network.StubbornClientReceiverImpl.java	103	Replication
org.prevayler.foundation.network.StubbornClientReceiverImpl.java	104	Replication
org.prevayler.foundation.network.StubbornClientReceiverImpl.java	106	Replication
org.prevayler.foundation.network.StubbornClientReceiverImpl.java	111	Replication
org.prevayler.foundation.network.StubbornClientReceiverImpl.java	112	Replication
org.prevayler.foundation.network.StubbornClientReceiverImpl.java	113	Replication
org.prevayler.foundation.network.StubbornClientReceiverImpl.java	114	Replication
org.prevayler.foundation.network.StubbornClientReceiverImpl.java	115	Replication
org.prevayler.foundation.network.StubbornClientReceiverImpl.java	116	Replication
org.prevayler.foundation.network.StubbornClientReceiverImpl.java	120	Replication
org.prevayler.foundation.network.StubbornClientReceiverImpl.java	121	Replication
org.prevayler.foundation.network.StubbornClientReceiverImpl.java	122	Replication
org.prevayler.foundation.network.StubbornClientReceiverImpl.java	123	Replication
org.prevayler.foundation.network.StubbornClientReceiverImpl.java	124	Replication
org.prevayler.foundation.network.StubbornClientReceiverImpl.java	128	Replication
org.prevayler.foundation.network.StubbornClientReceiverImpl.java	129	Replication
org.prevayler.foundation.network.StubbornClientReceiverImpl.java	130	Replication
org.prevayler.foundation.network.StubbornClientReceiverImpl.java	133	Replication
org.prevayler.foundation.network.StubbornClientReceiverImpl.java	134	Replication
org.prevayler.foundation.network.StubbornClientReceiverImpl.java	135	Replication
org.prevayler.foundation.network.StubbornClientReceiverImpl.java	139	Replication
org.prevayler.foundation.network.StubbornClientReceiverImpl.java	140	Replication
org.prevayler.foundation.network.StubbornClientReceiverImpl.java	143	Replication
org.prevayler.foundation.network.StubbornClientReceiverImpl.java	144	Replication
org.prevayler.foundation.network.StubbornClientReceiverImpl.java	146	Replication
org.prevayler.foundation.network.StubbornClientReceiverImpl.java	147	Replication
org.prevayler.foundation.network.StubbornClientReceiverImpl.java	148	Replication
org.prevayler.foundation.network.StubbornClientReceiverImpl.java	149	Replication
org.prevayler.foundation.network.StubbornClientReceiverImpl.java	150	Replication
org.prevayler.foundation.network.StubbornClientReceiverImpl.java	151	Replication
org.prevayler.foundation.network.StubbornClientReceiverImpl.java	152	Replication
org.prevayler.foundation.network.StubbornClientReceiverImpl.java	153	Replication
org.prevayler.foundation.network.StubbornClientReceiverImpl.java	154	Replication
org.prevayler.foundation.network.StubbornClientReceiverImpl.java	158	Replication
org.prevayler.foundation.network.StubbornClientReceiverImpl.java	159	Replication
org.prevayler.foundation.network.StubbornClientReceiverImpl.java	160	Replication
org.prevayler.foundation.network.StubbornClientReceiverImpl.java	163	Replication
org.prevayler.foundation.network.StubbornClientReceiverImpl.java	164	Replication
org.prevayler.foundation.network.StubbornClientReceiverImpl.java	165	Replication
org.prevayler.foundation.network.StubbornClientReceiverImpl.java	166	Replication
org.prevayler.foundation.network.StubbornClientReceiverImpl.java	167	Replication
org.prevayler.foundation.network.StubbornClientReceiverImpl.java	168	Replication
org.prevayler.foundation.network.StubbornClientReceiverImpl.java	169	Replication
org.prevayler.foundation.network.BaseNetworkImpl.java	16	Replication
org.prevayler.foundation.network.BaseNetworkImpl.java	20	Replication
org.prevayler.foundation.network.BaseNetworkImpl.java	21	Replication
org.prevayler.foundation.network.BaseNetworkImpl.java	23	Replication
org.prevayler.foundation.network.BaseNetworkImpl.java	24	Replication
org.prevayler.foundation.network.BaseNetworkImpl.java	27	Replication
org.prevayler.foundation.network.BaseNetworkImpl.java	28	Replication
org.prevayler.foundation.network.BaseNetworkImpl.java	29	Replication
org.prevayler.foundation.network.BaseNetworkImpl.java	30	Replication
org.prevayler.foundation.network.BaseNetworkImpl.java	33	Replication
org.prevayler.foundation.network.BaseNetworkImpl.java	34	Replication
org.prevayler.foundation.network.BaseNetworkImpl.java	35	Replication
org.prevayler.foundation.network.BaseNetworkImpl.java	36	Replication
org.prevayler.foundation.network.BaseNetworkImpl.java	37	Replication
org.prevayler.foundation.network.BaseNetworkImpl.java	38	Replication
org.prevayler.foundation.network.BaseNetworkImpl.java	43	Replication
org.prevayler.foundation.network.BaseNetworkImpl.java	44	Replication
org.prevayler.foundation.network.BaseNetworkImpl.java	48	Replication
org.prevayler.foundation.network.BaseNetworkImpl.java	49	Replication
org.prevayler.foundation.network.BaseNetworkImpl.java	52	Replication
org.prevayler.foundation.network.BaseNetworkImpl.java	53	Replication
org.prevayler.foundation.network.BaseNetworkImpl.java	54	Replication
org.prevayler.foundation.network.BaseNetworkImpl.java	57	Replication
org.prevayler.foundation.network.BaseNetworkImpl.java	58	Replication
org.prevayler.foundation.network.BaseNetworkImpl.java	61	Replication
org.prevayler.foundation.network.BaseNetworkImpl.java	62	Replication
org.prevayler.foundation.network.BaseNetworkImpl.java	65	Replication
org.prevayler.foundation.network.BaseNetworkImpl.java	66	Replication
org.prevayler.foundation.network.BaseNetworkImpl.java	69	Replication
org.prevayler.foundation.network.BaseNetworkImpl.java	70	Replication
org.prevayler.foundation.network.BaseNetworkImpl.java	71	Replication
org.prevayler.foundation.network.BaseNetworkImpl.java	72	Replication
org.prevayler.foundation.network.BaseNetworkImpl.java	74	Replication
org.prevayler.foundation.network.BaseNetworkImpl.java	76	Replication
org.prevayler.foundation.network.BaseNetworkImpl.java	78	Replication
org.prevayler.foundation.network.ObjectServerSocketImpl.java	11	Replication
org.prevayler.foundation.network.ObjectServerSocketImpl.java	13	Replication
org.prevayler.foundation.network.ObjectServerSocketImpl.java	15	Replication
org.prevayler.foundation.network.ObjectServerSocketImpl.java	16	Replication
org.prevayler.foundation.network.ObjectServerSocketImpl.java	19	Replication
org.prevayler.foundation.network.ObjectServerSocketImpl.java	20	Replication
org.prevayler.foundation.network.ObjectServerSocketImpl.java	23	Replication
org.prevayler.foundation.network.ObjectServerSocketImpl.java	24	Replication
org.prevayler.foundation.network.NetworkClientObjectReceiverImpl.java	12	Replication
org.prevayler.foundation.network.NetworkClientObjectReceiverImpl.java	14	Replication
org.prevayler.foundation.network.NetworkClientObjectReceiverImpl.java	15	Replication
org.prevayler.foundation.network.NetworkClientObjectReceiverImpl.java	16	Replication
org.prevayler.foundation.network.NetworkClientObjectReceiverImpl.java	17	Replication
org.prevayler.foundation.network.NetworkClientObjectReceiverImpl.java	19	Replication
org.prevayler.foundation.network.NetworkClientObjectReceiverImpl.java	21	Replication
org.prevayler.foundation.network.NetworkClientObjectReceiverImpl.java	22	Replication
org.prevayler.foundation.network.NetworkClientObjectReceiverImpl.java	23	Replication
org.prevayler.foundation.network.NetworkClientObjectReceiverImpl.java	25	Replication
org.prevayler.foundation.network.NetworkClientObjectReceiverImpl.java	26	Replication
org.prevayler.foundation.network.NetworkClientObjectReceiverImpl.java	27	Replication
org.prevayler.foundation.network.NetworkClientObjectReceiverImpl.java	28	Replication
org.prevayler.foundation.network.NetworkClientObjectReceiverImpl.java	29	Replication
org.prevayler.foundation.network.NetworkClientObjectReceiverImpl.java	32	Replication
org.prevayler.foundation.network.NetworkClientObjectReceiverImpl.java	33	Replication
org.prevayler.foundation.network.NetworkClientObjectReceiverImpl.java	34	Replication
org.prevayler.foundation.network.NetworkClientObjectReceiverImpl.java	35	Replication
org.prevayler.foundation.network.NetworkClientObjectReceiverImpl.java	36	Replication
org.prevayler.foundation.network.NetworkClientObjectReceiverImpl.java	40	Replication
org.prevayler.foundation.network.NetworkClientObjectReceiverImpl.java	44	Replication
org.prevayler.foundation.network.NetworkClientObjectReceiverImpl.java	45	Replication
org.prevayler.foundation.network.NetworkClientObjectReceiverImpl.java	46	Replication
org.prevayler.foundation.network.NetworkClientObjectReceiverImpl.java	47	Replication
org.prevayler.foundation.network.NetworkClientObjectReceiverImpl.java	50	Replication
org.prevayler.foundation.network.NetworkClientObjectReceiverImpl.java	51	Replication
org.prevayler.foundation.network.NetworkClientObjectReceiverImpl.java	52	Replication
org.prevayler.foundation.network.NetworkClientObjectReceiverImpl.java	55	Replication
org.prevayler.foundation.network.NetworkClientObjectReceiverImpl.java	58	Replication
org.prevayler.foundation.network.NetworkClientObjectReceiverImpl.java	59	Replication
org.prevayler.foundation.network.NetworkClientObjectReceiverImpl.java	60	Replication
org.prevayler.foundation.network.NetworkClientObjectReceiverImpl.java	61	Replication
org.prevayler.foundation.network.NetworkClientObjectReceiverImpl.java	62	Replication
org.prevayler.foundation.network.NetworkClientObjectReceiverImpl.java	63	Replication
org.prevayler.foundation.network.NetworkClientObjectReceiverImpl.java	64	Replication
org.prevayler.foundation.network.NetworkClientObjectReceiverImpl.java	65	Replication
org.prevayler.foundation.network.NetworkClientObjectReceiverImpl.java	67	Replication
org.prevayler.foundation.network.NetworkClientObjectReceiverImpl.java	71	Replication
org.prevayler.foundation.network.NetworkClientObjectReceiverImpl.java	72	Replication
org.prevayler.foundation.network.NetworkClientObjectReceiverImpl.java	73	Replication
org.prevayler.foundation.network.NetworkClientObjectReceiverImpl.java	74	Replication
org.prevayler.foundation.network.NetworkClientObjectReceiverImpl.java	75	Replication
org.prevayler.foundation.network.NetworkClientObjectReceiverImpl.java	76	Replication
org.prevayler.foundation.network.NetworkClientObjectReceiverImpl.java	77	Replication
org.prevayler.foundation.network.NetworkClientObjectReceiverImpl.java	80	Replication
org.prevayler.foundation.network.NetworkClientObjectReceiverImpl.java	81	Replication
org.prevayler.foundation.network.NetworkClientObjectReceiverImpl.java	82	Replication
org.prevayler.foundation.network.NetworkClientObjectReceiverImpl.java	83	Replication
org.prevayler.foundation.network.NetworkClientObjectReceiverImpl.java	84	Replication
org.prevayler.foundation.network.NetworkClientObjectReceiverImpl.java	87	Replication
org.prevayler.foundation.network.NetworkClientObjectReceiverImpl.java	90	Replication
org.prevayler.foundation.network.NetworkClientObjectReceiverImpl.java	91	Replication
org.prevayler.foundation.network.NetworkClientObjectReceiverImpl.java	97	Replication
org.prevayler.foundation.network.NetworkClientObjectReceiverImpl.java	98	Replication
org.prevayler.foundation.network.NetworkClientObjectReceiverImpl.java	99	Replication
org.prevayler.foundation.network.SessionsManagerImpl.java	6	Replication
org.prevayler.foundation.network.SessionsManagerImpl.java	10	Replication
org.prevayler.foundation.network.SessionsManagerImpl.java	11	Replication
org.prevayler.foundation.network.SessionsManagerImpl.java	12	Replication
org.prevayler.foundation.network.SessionsManagerImpl.java	13	Replication
org.prevayler.foundation.network.SessionsManagerImpl.java	15	Replication
org.prevayler.foundation.network.SessionsManagerImpl.java	16	Replication
org.prevayler.foundation.network.SessionsManagerImpl.java	19	Replication
org.prevayler.foundation.network.SessionsManagerImpl.java	20	Replication
org.prevayler.foundation.network.SessionsManagerImpl.java	23	Replication
org.prevayler.foundation.network.SessionsManagerImpl.java	24	Replication
org.prevayler.foundation.network.SessionsManagerImpl.java	27	Replication
org.prevayler.foundation.network.SessionsManagerImpl.java	28	Replication
org.prevayler.foundation.network.SessionsManagerImpl.java	29	Replication
org.prevayler.foundation.network.SessionsManagerImpl.java	30	Replication
org.prevayler.foundation.network.SessionsManagerImpl.java	33	Replication
org.prevayler.foundation.network.SessionsManagerImpl.java	34	Replication
org.prevayler.foundation.network.NetworkSessionId.java	11	Replication
org.prevayler.foundation.network.NetworkSessionId.java	16	Replication
org.prevayler.foundation.network.NetworkSessionId.java	17	Replication
org.prevayler.foundation.network.NetworkSessionId.java	18	Replication
org.prevayler.foundation.network.NetworkSessionId.java	19	Replication
org.prevayler.foundation.network.NetworkSessionId.java	21	Replication
org.prevayler.foundation.network.NetworkSessionId.java	22	Replication
org.prevayler.foundation.network.NetworkSessionId.java	23	Replication
org.prevayler.foundation.network.NetworkSessionId.java	26	Replication
org.prevayler.foundation.network.NetworkSessionId.java	27	Replication
org.prevayler.foundation.network.NetworkSessionId.java	28	Replication
org.prevayler.foundation.network.NetworkSessionId.java	29	Replication
org.prevayler.foundation.network.NetworkSessionId.java	30	Replication
org.prevayler.foundation.network.NetworkSessionId.java	31	Replication
org.prevayler.foundation.network.NetworkSessionId.java	34	Replication
org.prevayler.foundation.network.NetworkSessionId.java	35	Replication
org.prevayler.foundation.network.NetworkSessionId.java	38	Replication
org.prevayler.foundation.network.NetworkSessionId.java	39	Replication
org.prevayler.foundation.network.StubbornServerReceiverImpl.java	10	Replication
org.prevayler.foundation.network.StubbornServerReceiverImpl.java	22	Replication
org.prevayler.foundation.network.StubbornServerReceiverImpl.java	24	Replication
org.prevayler.foundation.network.StubbornServerReceiverImpl.java	25	Replication
org.prevayler.foundation.network.StubbornServerReceiverImpl.java	26	Replication
org.prevayler.foundation.network.StubbornServerReceiverImpl.java	27	Replication
org.prevayler.foundation.network.StubbornServerReceiverImpl.java	28	Replication
org.prevayler.foundation.network.StubbornServerReceiverImpl.java	29	Replication
org.prevayler.foundation.network.StubbornServerReceiverImpl.java	30	Replication
org.prevayler.foundation.network.StubbornServerReceiverImpl.java	32	Replication
org.prevayler.foundation.network.StubbornServerReceiverImpl.java	39	Replication
org.prevayler.foundation.network.StubbornServerReceiverImpl.java	40	Replication
org.prevayler.foundation.network.StubbornServerReceiverImpl.java	41	Replication
org.prevayler.foundation.network.StubbornServerReceiverImpl.java	42	Replication
org.prevayler.foundation.network.StubbornServerReceiverImpl.java	43	Replication
org.prevayler.foundation.network.StubbornServerReceiverImpl.java	47	Replication
org.prevayler.foundation.network.StubbornServerReceiverImpl.java	48	Replication
org.prevayler.foundation.network.StubbornServerReceiverImpl.java	49	Replication
org.prevayler.foundation.network.StubbornServerReceiverImpl.java	50	Replication
org.prevayler.foundation.network.StubbornServerReceiverImpl.java	51	Replication
org.prevayler.foundation.network.StubbornServerReceiverImpl.java	55	Replication
org.prevayler.foundation.network.StubbornServerReceiverImpl.java	56	Replication
org.prevayler.foundation.network.StubbornServerReceiverImpl.java	57	Replication
org.prevayler.foundation.network.StubbornServerReceiverImpl.java	58	Replication
org.prevayler.foundation.network.StubbornServerReceiverImpl.java	59	Replication
org.prevayler.foundation.network.StubbornServerReceiverImpl.java	63	Replication
org.prevayler.foundation.network.StubbornServerReceiverImpl.java	64	Replication
org.prevayler.foundation.network.StubbornServerReceiverImpl.java	65	Replication
org.prevayler.foundation.network.StubbornServerReceiverImpl.java	69	Replication
org.prevayler.foundation.network.StubbornServerReceiverImpl.java	70	Replication
org.prevayler.foundation.network.StubbornServerReceiverImpl.java	71	Replication
org.prevayler.foundation.network.StubbornServerReceiverImpl.java	73	Replication
org.prevayler.foundation.network.StubbornServerReceiverImpl.java	74	Replication
org.prevayler.foundation.network.StubbornServerReceiverImpl.java	75	Replication
org.prevayler.foundation.network.StubbornServerReceiverImpl.java	76	Replication
org.prevayler.foundation.network.StubbornServerReceiverImpl.java	77	Replication
org.prevayler.foundation.network.StubbornServerReceiverImpl.java	79	Replication
org.prevayler.foundation.network.StubbornServerReceiverImpl.java	80	Replication
org.prevayler.foundation.network.StubbornServerReceiverImpl.java	83	Replication
org.prevayler.foundation.network.StubbornServerReceiverImpl.java	84	Replication
org.prevayler.foundation.network.StubbornServerReceiverImpl.java	85	Replication
org.prevayler.foundation.network.StubbornServerReceiverImpl.java	86	Replication
org.prevayler.foundation.network.StubbornServerReceiverImpl.java	87	Replication
org.prevayler.foundation.network.StubbornServerReceiverImpl.java	88	Replication
org.prevayler.foundation.network.StubbornServerReceiverImpl.java	91	Replication
org.prevayler.foundation.network.StubbornServerReceiverImpl.java	92	Replication
org.prevayler.foundation.network.StubbornServerReceiverImpl.java	93	Replication
org.prevayler.foundation.network.StubbornServerReceiverImpl.java	94	Replication
org.prevayler.foundation.network.StubbornServerReceiverImpl.java	95	Replication
org.prevayler.foundation.network.StubbornServerReceiverImpl.java	96	Replication
org.prevayler.foundation.network.StubbornServerReceiverImpl.java	98	Replication
org.prevayler.foundation.network.StubbornServerReceiverImpl.java	101	Replication
org.prevayler.foundation.network.StubbornServerReceiverImpl.java	102	Replication
org.prevayler.foundation.network.StubbornServerReceiverImpl.java	103	Replication
org.prevayler.foundation.network.StubbornServerReceiverImpl.java	104	Replication
org.prevayler.foundation.network.StubbornServerReceiverImpl.java	105	Replication
org.prevayler.foundation.network.StubbornServerReceiverImpl.java	106	Replication
org.prevayler.foundation.network.StubbornServerReceiverImpl.java	110	Replication
org.prevayler.foundation.network.StubbornServerReceiverImpl.java	111	Replication
org.prevayler.foundation.network.StubbornServerReceiverImpl.java	112	Replication
org.prevayler.foundation.network.StubbornServerReceiverImpl.java	113	Replication
org.prevayler.foundation.network.StubbornServerReceiverImpl.java	114	Replication
org.prevayler.foundation.network.StubbornServerReceiverImpl.java	119	Replication
org.prevayler.foundation.network.StubbornServerReceiverImpl.java	120	Replication
org.prevayler.foundation.network.StubbornServerReceiverImpl.java	121	Replication
org.prevayler.foundation.network.StubbornServerReceiverImpl.java	122	Replication
org.prevayler.foundation.network.StubbornServerReceiverImpl.java	123	Replication
org.prevayler.foundation.network.ObjectSocketImpl.java	13	Replication
org.prevayler.foundation.network.ObjectSocketImpl.java	15	Replication
org.prevayler.foundation.network.ObjectSocketImpl.java	16	Replication
org.prevayler.foundation.network.ObjectSocketImpl.java	17	Replication
org.prevayler.foundation.network.ObjectSocketImpl.java	20	Replication
org.prevayler.foundation.network.ObjectSocketImpl.java	21	Replication
org.prevayler.foundation.network.ObjectSocketImpl.java	24	Replication
org.prevayler.foundation.network.ObjectSocketImpl.java	25	Replication
org.prevayler.foundation.network.ObjectSocketImpl.java	26	Replication
org.prevayler.foundation.network.ObjectSocketImpl.java	27	Replication
org.prevayler.foundation.network.ObjectSocketImpl.java	30	Replication
org.prevayler.foundation.network.ObjectSocketImpl.java	32	Replication
org.prevayler.foundation.network.ObjectSocketImpl.java	33	Replication
org.prevayler.foundation.network.ObjectSocketImpl.java	34	Replication
org.prevayler.foundation.network.ObjectSocketImpl.java	38	Replication
org.prevayler.foundation.network.ObjectSocketImpl.java	39	Replication
org.prevayler.foundation.network.ObjectSocketImpl.java	42	Replication
org.prevayler.foundation.network.ObjectSocketImpl.java	43	Replication
org.prevayler.foundation.network.ObjectSocketImpl.java	44	Replication
org.prevayler.foundation.network.ObjectSocketImpl.java	45	Replication
org.prevayler.foundation.network.StubbornNetworkProxy.java	11	Replication
org.prevayler.foundation.network.StubbornNetworkProxy.java	24	Replication
org.prevayler.foundation.network.StubbornNetworkProxy.java	25	Replication
org.prevayler.foundation.network.StubbornNetworkProxy.java	26	Replication
org.prevayler.foundation.network.StubbornNetworkProxy.java	27	Replication
org.prevayler.foundation.network.StubbornNetworkProxy.java	29	Replication
org.prevayler.foundation.network.StubbornNetworkProxy.java	32	Replication
org.prevayler.foundation.network.StubbornNetworkProxy.java	33	Replication
org.prevayler.foundation.network.StubbornNetworkProxy.java	34	Replication
org.prevayler.foundation.network.StubbornNetworkProxy.java	35	Replication
org.prevayler.foundation.network.StubbornNetworkProxy.java	36	Replication
org.prevayler.foundation.network.StubbornNetworkProxy.java	39	Replication
org.prevayler.foundation.network.StubbornNetworkProxy.java	40	Replication
org.prevayler.foundation.network.StubbornNetworkProxy.java	41	Replication
org.prevayler.foundation.network.StubbornNetworkProxy.java	44	Replication
org.prevayler.foundation.network.StubbornNetworkProxy.java	45	Replication
org.prevayler.foundation.network.StubbornNetworkProxy.java	48	Replication
org.prevayler.foundation.network.StubbornNetworkProxy.java	49	Replication
org.prevayler.foundation.network.StubbornNetworkProxy.java	52	Replication
org.prevayler.foundation.network.StubbornNetworkProxy.java	53	Replication
org.prevayler.foundation.network.StubbornNetworkProxy.java	54	Replication
org.prevayler.foundation.network.StubbornNetworkProxy.java	55	Replication
org.prevayler.foundation.network.StubbornNetworkProxy.java	56	Replication
org.prevayler.foundation.network.StubbornNetworkProxy.java	57	Replication
org.prevayler.foundation.network.StubbornNetworkProxy.java	61	Replication
org.prevayler.foundation.network.StubbornNetworkProxy.java	62	Replication
org.prevayler.foundation.network.StubbornNetworkProxy.java	63	Replication
org.prevayler.foundation.network.StubbornNetworkProxy.java	64	Replication
org.prevayler.foundation.network.StubbornNetworkProxy.java	66	Replication
org.prevayler.foundation.network.StubbornNetworkProxy.java	67	Replication
org.prevayler.foundation.network.StubbornNetworkProxy.java	68	Replication
org.prevayler.foundation.network.StubbornNetworkProxy.java	69	Replication
org.prevayler.foundation.network.StubbornNetworkProxy.java	73	Replication
org.prevayler.foundation.network.StubbornNetworkProxy.java	74	Replication
org.prevayler.foundation.network.StubbornNetworkProxy.java	75	Replication
org.prevayler.foundation.network.StubbornNetworkProxy.java	76	Replication
org.prevayler.foundation.network.StubbornNetworkProxy.java	80	Replication
org.prevayler.foundation.network.StubbornNetworkProxy.java	81	Replication
org.prevayler.foundation.network.StubbornNetworkProxy.java	82	Replication
org.prevayler.foundation.network.StubbornNetworkProxy.java	83	Replication
org.prevayler.foundation.network.StubbornNetworkProxy.java	89	Replication
org.prevayler.foundation.network.StubbornNetworkProxy.java	90	Replication
org.prevayler.foundation.network.StubbornNetworkProxy.java	93	Replication
org.prevayler.foundation.network.StubbornNetworkProxy.java	94	Replication
org.prevayler.foundation.network.StubbornNetworkProxy.java	95	Replication
org.prevayler.foundation.network.StubbornNetworkProxy.java	98	Replication
org.prevayler.foundation.network.StubbornNetworkProxy.java	99	Replication
org.prevayler.foundation.network.StubbornNetworkProxy.java	102	Replication
org.prevayler.foundation.network.StubbornNetworkProxy.java	103	Replication
org.prevayler.foundation.network.StubbornNetworkProxy.java	104	Replication
org.prevayler.foundation.network.StubbornNetworkProxy.java	105	Replication
org.prevayler.foundation.network.StubbornNetworkProxy.java	106	Replication
org.prevayler.foundation.network.StubbornNetworkProxy.java	107	Replication
org.prevayler.foundation.network.StubbornNetworkProxy.java	108	Replication
org.prevayler.foundation.network.StubbornNetworkProxy.java	109	Replication
org.prevayler.foundation.network.NetworkImpl.java	12	Replication
org.prevayler.foundation.network.NetworkImpl.java	17	Replication
org.prevayler.foundation.network.NetworkImpl.java	19	Replication
org.prevayler.foundation.network.NetworkImpl.java	20	Replication
org.prevayler.foundation.network.NetworkImpl.java	21	Replication
org.prevayler.foundation.network.NetworkImpl.java	25	Replication
org.prevayler.foundation.network.NetworkImpl.java	26	Replication
org.prevayler.foundation.network.StubbornNetworkImpl.java	15	Replication
org.prevayler.foundation.network.StubbornNetworkImpl.java	22	Replication
org.prevayler.foundation.network.StubbornNetworkImpl.java	23	Replication
org.prevayler.foundation.network.StubbornNetworkImpl.java	25	Replication
org.prevayler.foundation.network.StubbornNetworkImpl.java	26	Replication
org.prevayler.foundation.network.StubbornNetworkImpl.java	27	Replication
org.prevayler.foundation.network.StubbornNetworkImpl.java	30	Replication
org.prevayler.foundation.network.StubbornNetworkImpl.java	31	Replication
org.prevayler.foundation.network.StubbornNetworkImpl.java	33	Replication
org.prevayler.foundation.network.StubbornNetworkImpl.java	34	Replication
org.prevayler.foundation.network.StubbornNetworkImpl.java	36	Replication
org.prevayler.foundation.network.StubbornNetworkImpl.java	39	Replication
org.prevayler.foundation.network.StubbornNetworkImpl.java	40	Replication
org.prevayler.foundation.network.StubbornNetworkImpl.java	41	Replication
org.prevayler.foundation.network.StubbornNetworkImpl.java	42	Replication
org.prevayler.foundation.network.StubbornNetworkImpl.java	43	Replication
org.prevayler.foundation.network.StubbornNetworkImpl.java	44	Replication
org.prevayler.foundation.network.StubbornNetworkImpl.java	46	Replication
org.prevayler.foundation.network.StubbornNetworkImpl.java	49	Replication
org.prevayler.foundation.network.StubbornNetworkImpl.java	50	Replication
org.prevayler.foundation.network.OldNetworkImpl.java	10	Replication
org.prevayler.foundation.network.OldNetworkImpl.java	12	Replication
org.prevayler.foundation.network.OldNetworkImpl.java	13	Replication
org.prevayler.foundation.network.OldNetworkImpl.java	16	Replication
org.prevayler.foundation.network.OldNetworkImpl.java	17	Replication
org.prevayler.implementation.PrevaylerImpl.java	21	Snapshot
org.prevayler.implementation.PrevaylerImpl.java	24	Snapshot
org.prevayler.implementation.PrevaylerImpl.java	30	Snapshot
org.prevayler.implementation.PrevaylerImpl.java	44	Snapshot
org.prevayler.implementation.PrevaylerImpl.java	45	Snapshot
org.prevayler.implementation.PrevaylerImpl.java	46	Snapshot
org.prevayler.implementation.PrevaylerImpl.java	47	Snapshot
org.prevayler.implementation.PrevaylerImpl.java	49	Snapshot
org.prevayler.implementation.PrevaylerImpl.java	50	Snapshot
org.prevayler.implementation.PrevaylerImpl.java	52	Snapshot
org.prevayler.implementation.PrevaylerImpl.java	53	Snapshot
org.prevayler.implementation.PrevaylerImpl.java	68	Snapshot
org.prevayler.implementation.PrevaylerImpl.java	69	Snapshot
org.prevayler.implementation.PrevaylerImpl.java	138	Snapshot
org.prevayler.implementation.PrevaylerImpl.java	139	Snapshot
org.prevayler.implementation.PrevaylerImpl.java	160	Snapshot
org.prevayler.implementation.PrevaylerImpl.java	161	Snapshot
org.prevayler.implementation.PrevalentSystemGuard.java	96	Snapshot
org.prevayler.implementation.PrevalentSystemGuard.java	97	Snapshot
org.prevayler.implementation.PrevalentSystemGuard.java	98	Snapshot
org.prevayler.implementation.PrevalentSystemGuard.java	99	Snapshot
org.prevayler.implementation.PrevalentSystemGuard.java	102	Snapshot
org.prevayler.implementation.PrevalentSystemGuard.java	103	Snapshot
org.prevayler.implementation.journal.PersistentJournal.java	36	Monitor
org.prevayler.implementation.journal.PersistentJournal.java	40	Monitor
org.prevayler.implementation.journal.PersistentJournal.java	51	Monitor
org.prevayler.implementation.journal.PersistentJournal.java	52	Monitor
org.prevayler.implementation.journal.PersistentJournal.java	53	Monitor
org.prevayler.implementation.journal.PersistentJournal.java	54	Monitor
org.prevayler.implementation.journal.PersistentJournal.java	55	Monitor
org.prevayler.implementation.journal.PersistentJournal.java	56	Monitor
org.prevayler.implementation.journal.PersistentJournal.java	195	Monitor
org.prevayler.implementation.journal.PersistentJournal.java	196	Monitor
org.prevayler.implementation.journal.PersistentJournal.java	198	Monitor
org.prevayler.implementation.journal.PersistentJournal.java	244	Monitor
org.prevayler.implementation.journal.PersistentJournal.java	245	Monitor
org.prevayler.implementation.journal.PersistentJournal.java	247	Monitor
org.prevayler.implementation.journal.PersistentJournal.java	256	Monitor
org.prevayler.implementation.publishing.CentralPublisher.java	22	Censor
org.prevayler.implementation.publishing.CentralPublisher.java	39	Censor
org.prevayler.implementation.publishing.CentralPublisher.java	40	Censor
org.prevayler.implementation.publishing.CentralPublisher.java	41	Censor
org.prevayler.implementation.publishing.CentralPublisher.java	74	Censor
org.prevayler.implementation.publishing.censorship.StrictTransactionCensor.java	13	Censor
org.prevayler.implementation.publishing.censorship.StrictTransactionCensor.java	15	Censor
org.prevayler.implementation.publishing.censorship.StrictTransactionCensor.java	16	Censor
org.prevayler.implementation.publishing.censorship.StrictTransactionCensor.java	17	Censor
org.prevayler.implementation.publishing.censorship.StrictTransactionCensor.java	19	Censor
org.prevayler.implementation.publishing.censorship.StrictTransactionCensor.java	20	Censor
org.prevayler.implementation.publishing.censorship.StrictTransactionCensor.java	22	Censor
org.prevayler.implementation.publishing.censorship.StrictTransactionCensor.java	25	Censor
org.prevayler.implementation.publishing.censorship.StrictTransactionCensor.java	26	Censor
org.prevayler.implementation.publishing.censorship.StrictTransactionCensor.java	27	Censor
org.prevayler.implementation.publishing.censorship.StrictTransactionCensor.java	28	Censor
org.prevayler.implementation.publishing.censorship.StrictTransactionCensor.java	29	Censor
org.prevayler.implementation.publishing.censorship.StrictTransactionCensor.java	30	Censor
org.prevayler.implementation.publishing.censorship.StrictTransactionCensor.java	31	Censor
org.prevayler.implementation.publishing.censorship.StrictTransactionCensor.java	32	Censor
org.prevayler.implementation.publishing.censorship.StrictTransactionCensor.java	33	Censor
org.prevayler.implementation.publishing.censorship.StrictTransactionCensor.java	34	Censor
org.prevayler.implementation.publishing.censorship.StrictTransactionCensor.java	35	Censor
org.prevayler.implementation.publishing.censorship.StrictTransactionCensor.java	39	Censor
org.prevayler.implementation.publishing.censorship.StrictTransactionCensor.java	40	Censor
org.prevayler.implementation.publishing.censorship.StrictTransactionCensor.java	43	Censor
org.prevayler.implementation.publishing.censorship.StrictTransactionCensor.java	44	Censor
org.prevayler.implementation.publishing.censorship.StrictTransactionCensor.java	45	Censor
org.prevayler.implementation.publishing.censorship.StrictTransactionCensor.java	48	Censor
org.prevayler.implementation.publishing.censorship.StrictTransactionCensor.java	49	Censor
org.prevayler.implementation.publishing.censorship.StrictTransactionCensor.java	50	Censor
org.prevayler.implementation.publishing.censorship.StrictTransactionCensor.java	51	Censor
org.prevayler.implementation.publishing.censorship.StrictTransactionCensor.java	52	Censor
org.prevayler.implementation.publishing.censorship.StrictTransactionCensor.java	53	Censor
org.prevayler.implementation.publishing.censorship.LiberalTransactionCensor.java	9	Censor
org.prevayler.implementation.publishing.censorship.LiberalTransactionCensor.java	11	Censor
org.prevayler.implementation.replication.ServerConnection.java	17	Replication
org.prevayler.implementation.replication.ServerConnection.java	19	Replication
org.prevayler.implementation.replication.ServerConnection.java	21	Replication
org.prevayler.implementation.replication.ServerConnection.java	22	Replication
org.prevayler.implementation.replication.ServerConnection.java	24	Replication
org.prevayler.implementation.replication.ServerConnection.java	25	Replication
org.prevayler.implementation.replication.ServerConnection.java	27	Replication
org.prevayler.implementation.replication.ServerConnection.java	28	Replication
org.prevayler.implementation.replication.ServerConnection.java	30	Replication
org.prevayler.implementation.replication.ServerConnection.java	31	Replication
org.prevayler.implementation.replication.ServerConnection.java	32	Replication
org.prevayler.implementation.replication.ServerConnection.java	33	Replication
org.prevayler.implementation.replication.ServerConnection.java	34	Replication
org.prevayler.implementation.replication.ServerConnection.java	39	Replication
org.prevayler.implementation.replication.ServerConnection.java	40	Replication
org.prevayler.implementation.replication.ServerConnection.java	41	Replication
org.prevayler.implementation.replication.ServerConnection.java	43	Replication
org.prevayler.implementation.replication.ServerConnection.java	44	Replication
org.prevayler.implementation.replication.ServerConnection.java	45	Replication
org.prevayler.implementation.replication.ServerConnection.java	47	Replication
org.prevayler.implementation.replication.ServerConnection.java	49	Replication
org.prevayler.implementation.replication.ServerConnection.java	50	Replication
org.prevayler.implementation.replication.ServerConnection.java	51	Replication
org.prevayler.implementation.replication.ServerConnection.java	52	Replication
org.prevayler.implementation.replication.ServerConnection.java	53	Replication
org.prevayler.implementation.replication.ServerConnection.java	54	Replication
org.prevayler.implementation.replication.ServerConnection.java	59	Replication
org.prevayler.implementation.replication.ServerConnection.java	60	Replication
org.prevayler.implementation.replication.ServerConnection.java	61	Replication
org.prevayler.implementation.replication.ServerConnection.java	65	Replication
org.prevayler.implementation.replication.ServerConnection.java	66	Replication
org.prevayler.implementation.replication.ServerConnection.java	67	Replication
org.prevayler.implementation.replication.ServerConnection.java	68	Replication
org.prevayler.implementation.replication.ServerConnection.java	69	Replication
org.prevayler.implementation.replication.ServerConnection.java	70	Replication
org.prevayler.implementation.replication.ServerConnection.java	71	Replication
org.prevayler.implementation.replication.ServerConnection.java	73	Replication
org.prevayler.implementation.replication.ServerConnection.java	75	Replication
org.prevayler.implementation.replication.ServerConnection.java	76	Replication
org.prevayler.implementation.replication.ServerConnection.java	77	Replication
org.prevayler.implementation.replication.ServerConnection.java	85	Replication
org.prevayler.implementation.replication.ServerConnection.java	86	Replication
org.prevayler.implementation.replication.ServerConnection.java	87	Replication
org.prevayler.implementation.replication.ServerConnection.java	88	Replication
org.prevayler.implementation.replication.ServerConnection.java	89	Replication
org.prevayler.implementation.replication.ServerConnection.java	90	Replication
org.prevayler.implementation.replication.ServerConnection.java	91	Replication
org.prevayler.implementation.replication.ServerConnection.java	92	Replication
org.prevayler.implementation.replication.ServerConnection.java	97	Replication
org.prevayler.implementation.replication.ServerConnection.java	99	Replication
org.prevayler.implementation.replication.ServerConnection.java	100	Replication
org.prevayler.implementation.replication.ServerConnection.java	102	Replication
org.prevayler.implementation.replication.ServerConnection.java	103	Replication
org.prevayler.implementation.replication.ServerConnection.java	104	Replication
org.prevayler.implementation.replication.ServerConnection.java	106	Replication
org.prevayler.implementation.replication.ServerConnection.java	107	Replication
org.prevayler.implementation.replication.ServerConnection.java	112	Replication
org.prevayler.implementation.replication.ServerConnection.java	113	Replication
org.prevayler.implementation.replication.ServerConnection.java	114	Replication
org.prevayler.implementation.replication.ServerConnection.java	115	Replication
org.prevayler.implementation.replication.ServerConnection.java	120	Replication
org.prevayler.implementation.replication.ServerConnection.java	121	Replication
org.prevayler.implementation.replication.ServerConnection.java	122	Replication
org.prevayler.implementation.replication.ServerConnection.java	123	Replication
org.prevayler.implementation.replication.ServerConnection.java	124	Replication
org.prevayler.implementation.replication.ServerConnection.java	125	Replication
org.prevayler.implementation.replication.ServerListener.java	14	Replication
org.prevayler.implementation.replication.ServerListener.java	16	Replication
org.prevayler.implementation.replication.ServerListener.java	18	Replication
org.prevayler.implementation.replication.ServerListener.java	19	Replication
org.prevayler.implementation.replication.ServerListener.java	23	Replication
org.prevayler.implementation.replication.ServerListener.java	24	Replication
org.prevayler.implementation.replication.ServerListener.java	25	Replication
org.prevayler.implementation.replication.ServerListener.java	26	Replication
org.prevayler.implementation.replication.ServerListener.java	27	Replication
org.prevayler.implementation.replication.ServerListener.java	30	Replication
org.prevayler.implementation.replication.ServerListener.java	31	Replication
org.prevayler.implementation.replication.ServerListener.java	32	Replication
org.prevayler.implementation.replication.ServerListener.java	33	Replication
org.prevayler.implementation.replication.ServerListener.java	34	Replication
org.prevayler.implementation.snapshot.NullSnapshotManager.java	10	Snapshot
org.prevayler.implementation.snapshot.NullSnapshotManager.java	12	Snapshot
org.prevayler.implementation.snapshot.NullSnapshotManager.java	14	Snapshot
org.prevayler.implementation.snapshot.NullSnapshotManager.java	15	Snapshot
org.prevayler.implementation.snapshot.NullSnapshotManager.java	16	Snapshot
org.prevayler.implementation.snapshot.NullSnapshotManager.java	19	Snapshot
org.prevayler.implementation.snapshot.NullSnapshotManager.java	20	Snapshot
org.prevayler.implementation.snapshot.GenericSnapshotManager.java	17	Snapshot
org.prevayler.implementation.snapshot.GenericSnapshotManager.java	19	Snapshot
org.prevayler.implementation.snapshot.GenericSnapshotManager.java	20	Snapshot
org.prevayler.implementation.snapshot.GenericSnapshotManager.java	21	Snapshot
org.prevayler.implementation.snapshot.GenericSnapshotManager.java	22	Snapshot
org.prevayler.implementation.snapshot.GenericSnapshotManager.java	24	Snapshot
org.prevayler.implementation.snapshot.GenericSnapshotManager.java	25	Snapshot
org.prevayler.implementation.snapshot.GenericSnapshotManager.java	26	Snapshot
org.prevayler.implementation.snapshot.GenericSnapshotManager.java	27	Snapshot
org.prevayler.implementation.snapshot.GenericSnapshotManager.java	28	Snapshot
org.prevayler.implementation.snapshot.GenericSnapshotManager.java	31	Snapshot
org.prevayler.implementation.snapshot.GenericSnapshotManager.java	32	Snapshot
org.prevayler.implementation.snapshot.GenericSnapshotManager.java	35	Snapshot
org.prevayler.implementation.snapshot.GenericSnapshotManager.java	36	Snapshot
org.prevayler.implementation.snapshot.GenericSnapshotManager.java	38	Snapshot
org.prevayler.implementation.snapshot.GenericSnapshotManager.java	39	Snapshot
org.prevayler.implementation.snapshot.GenericSnapshotManager.java	41	Snapshot
org.prevayler.implementation.snapshot.GenericSnapshotManager.java	42	Snapshot
org.prevayler.implementation.snapshot.GenericSnapshotManager.java	43	Snapshot
org.prevayler.implementation.snapshot.GenericSnapshotManager.java	44	Snapshot
org.prevayler.implementation.snapshot.GenericSnapshotManager.java	45	Snapshot
org.prevayler.implementation.snapshot.GenericSnapshotManager.java	46	Snapshot
org.prevayler.implementation.snapshot.GenericSnapshotManager.java	49	Snapshot
org.prevayler.implementation.snapshot.GenericSnapshotManager.java	50	Snapshot
org.prevayler.implementation.snapshot.GenericSnapshotManager.java	51	Snapshot
org.prevayler.implementation.snapshot.GenericSnapshotManager.java	52	Snapshot
org.prevayler.implementation.snapshot.GenericSnapshotManager.java	53	Snapshot
org.prevayler.implementation.snapshot.GenericSnapshotManager.java	57	Snapshot
org.prevayler.implementation.snapshot.GenericSnapshotManager.java	58	Snapshot
org.prevayler.implementation.snapshot.GenericSnapshotManager.java	61	Snapshot
org.prevayler.implementation.snapshot.GenericSnapshotManager.java	62	Snapshot
org.prevayler.implementation.snapshot.GenericSnapshotManager.java	65	Snapshot
org.prevayler.implementation.snapshot.GenericSnapshotManager.java	66	Snapshot
org.prevayler.implementation.snapshot.GenericSnapshotManager.java	68	Snapshot
org.prevayler.implementation.snapshot.GenericSnapshotManager.java	70	Snapshot
org.prevayler.implementation.snapshot.GenericSnapshotManager.java	71	Snapshot
org.prevayler.implementation.snapshot.GenericSnapshotManager.java	72	Snapshot
org.prevayler.implementation.snapshot.GenericSnapshotManager.java	73	Snapshot
org.prevayler.implementation.snapshot.GenericSnapshotManager.java	76	Snapshot
org.prevayler.implementation.snapshot.GenericSnapshotManager.java	77	Snapshot
org.prevayler.implementation.snapshot.GenericSnapshotManager.java	78	Snapshot
org.prevayler.implementation.snapshot.GenericSnapshotManager.java	79	Snapshot
org.prevayler.implementation.snapshot.GenericSnapshotManager.java	80	Snapshot
org.prevayler.implementation.snapshot.GenericSnapshotManager.java	81	Snapshot
org.prevayler.implementation.snapshot.GenericSnapshotManager.java	86	Snapshot
org.prevayler.implementation.snapshot.GenericSnapshotManager.java	87	Snapshot
org.prevayler.implementation.snapshot.GenericSnapshotManager.java	90	Snapshot
org.prevayler.implementation.snapshot.GenericSnapshotManager.java	91	Snapshot
org.prevayler.implementation.snapshot.GenericSnapshotManager.java	92	Snapshot
org.prevayler.implementation.snapshot.GenericSnapshotManager.java	93	Snapshot
org.prevayler.implementation.snapshot.GenericSnapshotManager.java	95	Snapshot
org.prevayler.implementation.snapshot.GenericSnapshotManager.java	96	Snapshot
org.prevayler.implementation.snapshot.GenericSnapshotManager.java	97	Snapshot
org.prevayler.implementation.snapshot.GenericSnapshotManager.java	98	Snapshot
org.prevayler.implementation.snapshot.GenericSnapshotManager.java	99	Snapshot
org.prevayler.implementation.snapshot.GenericSnapshotManager.java	100	Snapshot
